"Country_Code","Country_Name","Population_Density","Year","People_Near_Rapid_Transit","Transit_Legend"
"AFG","Afghanistan",9149.10984779,1975,0,0
"AFG","Afghanistan",10191.0455945688,1980,0,0
"AFG","Afghanistan",10904.9794473538,1985,0,0
"AFG","Afghanistan",12334.6123189456,1990,0,0
"AFG","Afghanistan",14452.7101963497,1995,0,0
"AFG","Afghanistan",17246.7992355928,2000,0,0
"AFG","Afghanistan",20028.4357709816,2005,0,0
"AFG","Afghanistan",22262.1841984873,2010,0,0
"AFG","Afghanistan",25228.8951814023,2015,0,0
"AFG","Afghanistan",30232.4109602716,2020,0,0
"AFG","Afghanistan",34796.8064444587,2024,0,0
"ALB","Albania",13114.5280360632,1975,0,0
"ALB","Albania",13617.1572686148,1980,0,0
"ALB","Albania",14501.922220297,1985,0,0
"ALB","Albania",15812.3259977723,1990,0,0
"ALB","Albania",13612.9730549397,1995,0,0
"ALB","Albania",13810.6313588134,2000,0,0
"ALB","Albania",14286.2454883159,2005,0,0
"ALB","Albania",15094.3974713038,2010,0,0
"ALB","Albania",16358.7223033554,2015,0,0
"ALB","Albania",17996.4213352688,2020,0,0
"ALB","Albania",19982.1739597842,2024,0,0
"DZA","Algeria",21218.1638286947,1975,0,0
"DZA","Algeria",21761.0197208962,1980,0,0
"DZA","Algeria",21519.1476675596,1985,0,0
"DZA","Algeria",21794.9607737799,1990,0,0
"DZA","Algeria",21047.1554510247,1995,0,0
"DZA","Algeria",19525.1834907374,2000,0,0
"DZA","Algeria",17542.7358159215,2005,0,0
"DZA","Algeria",16663.1728556899,2010,0,0
"DZA","Algeria",17291.0425765498,2015,0.169336542790723,0.169336542790723
"DZA","Algeria",18522.2758230085,2020,0.182895923954817,0.182895923954817
"DZA","Algeria",19995.1367704365,2024,0.169336542790723,0.169336542790723
"AGO","Angola",5835.59528936134,1975,0,0
"AGO","Angola",7690.30452162357,1980,0,0
"AGO","Angola",9421.99291070134,1985,0,0
"AGO","Angola",10302.8698781388,1990,0,0
"AGO","Angola",11132.6509300073,1995,0,0
"AGO","Angola",11642.1232147005,2000,0,0
"AGO","Angola",12593.6229157108,2005,0,0
"AGO","Angola",13586.4727194053,2010,0,0
"AGO","Angola",17848.4180961156,2015,0,0
"AGO","Angola",22402.7368017413,2020,0,0
"AGO","Angola",26181.2422502319,2024,0,0
"ARG","Argentina",9544.07907148572,1975,0.0694696146142621,0.0694696146142621
"ARG","Argentina",9974.9782844617,1980,0.0638893324230549,0.0638893324230549
"ARG","Argentina",10236.6144285307,1985,0.06221626318115,0.06221626318115
"ARG","Argentina",10525.2960231311,1990,0.0628909868028354,0.0628909868028354
"ARG","Argentina",10397.0828629798,1995,0.0660142224336729,0.0660142224336729
"ARG","Argentina",10405.9779661674,2000,0.069313748405153,0.069313748405153
"ARG","Argentina",10506.2196263494,2005,0.0684218869797122,0.0684218869797122
"ARG","Argentina",10710.7227644426,2010,0.0692921883994881,0.0692921883994881
"ARG","Argentina",10736.3875906842,2015,0.0876048088525019,0.0876048088525019
"ARG","Argentina",10701.1200832925,2020,0.0893091267060491,0.0893091267060491
"ARG","Argentina",10746.0478846286,2024,0.0876048088525019,0.0876048088525019
"ARM","Armenia",14412.6440525123,1975,0,0
"ARM","Armenia",15903.013010222,1980,0,0
"ARM","Armenia",16564.7890473964,1985,0.115817116764021,0.115817116764021
"ARM","Armenia",16738.9430764873,1990,0.118140211633778,0.118140211633778
"ARM","Armenia",15506.3464957133,1995,0.122753388765327,0.122753388765327
"ARM","Armenia",14476.1694054492,2000,0.127329230095916,0.127329230095916
"ARM","Armenia",13480.8996884591,2005,0.131165020591852,0.131165020591852
"ARM","Armenia",12656.305535815,2010,0.134781480143253,0.134781480143253
"ARM","Armenia",12316.9383628131,2015,0.145237397712662,0.145237397712662
"ARM","Armenia",11253.4793839209,2020,0.144881675277128,0.144881675277128
"ARM","Armenia",11181.5801223017,2024,0.145237397712662,0.145237397712662
"AUS","Australia",4157.37803979272,1975,0.149625120269179,0.149625120269179
"AUS","Australia",4113.56744687387,1980,0.150338904886638,0.150338904886638
"AUS","Australia",4125.61431104459,1985,0.141705850929095,0.141705850929095
"AUS","Australia",4265.54558254174,1990,0.132723398854718,0.132723398854718
"AUS","Australia",4189.35203725597,1995,0.128344863243588,0.128344863243588
"AUS","Australia",4170.3354769474,2000,0.135505408696908,0.135505408696908
"AUS","Australia",4335.23809070568,2005,0.12984135859478,0.12984135859478
"AUS","Australia",4799.85798093169,2010,0.121584468812946,0.121584468812946
"AUS","Australia",5523.30808938019,2015,0.111088519336001,0.111088519336001
"AUS","Australia",6384.65923711003,2020,0.115499388256882,0.115499388256882
"AUS","Australia",7071.91072937345,2024,0.111088519336001,0.111088519336001
"AUT","Austria",14196.3583422064,1975,0,0
"AUT","Austria",13305.8822042027,1980,0.278128059748068,0.278128059748068
"AUT","Austria",12841.8643100148,1985,0.35346830349368,0.35346830349368
"AUT","Austria",12496.353368158,1990,0.420920810356883,0.420920810356883
"AUT","Austria",12067.7787562763,1995,0.512430101410388,0.512430101410388
"AUT","Austria",11728.9409742349,2000,0.600926849873807,0.600926849873807
"AUT","Austria",12105.5850071614,2005,0.57309882063842,0.57309882063842
"AUT","Austria",12428.6906960892,2010,0.606718807707912,0.606718807707912
"AUT","Austria",12937.949345704,2015,0.545781287755416,0.545781287755416
"AUT","Austria",13870.5449394161,2020,0.560778785340244,0.560778785340244
"AUT","Austria",14231.0093049648,2024,0.545781287755416,0.545781287755416
"AZE","Azerbaijan",12133.5445732043,1975,0.107826491887154,0.107826491887154
"AZE","Azerbaijan",13006.3904065027,1980,0.115276631609749,0.115276631609749
"AZE","Azerbaijan",13374.5833360265,1985,0.173171429998502,0.173171429998502
"AZE","Azerbaijan",13638.5168387901,1990,0.187542083273247,0.187542083273247
"AZE","Azerbaijan",13064.0178607079,1995,0.186270107401076,0.186270107401076
"AZE","Azerbaijan",12687.6102401694,2000,0.181299150725196,0.181299150725196
"AZE","Azerbaijan",12019.2368439573,2005,0.189938212513996,0.189938212513996
"AZE","Azerbaijan",12277.8598315644,2010,0.174655121156057,0.174655121156057
"AZE","Azerbaijan",12428.1086909898,2015,0.15770854362442,0.15770854362442
"AZE","Azerbaijan",12973.1683730988,2020,0.158228923386173,0.158228923386173
"AZE","Azerbaijan",13872.0313770993,2024,0.15770854362442,0.15770854362442
"BHR","Bahrain",5515.23041181989,1975,0,0
"BHR","Bahrain",5715.07460024557,1980,0,0
"BHR","Bahrain",5748.52045556271,1985,0,0
"BHR","Bahrain",5844.34906408863,1990,0,0
"BHR","Bahrain",5845.51105909497,1995,0,0
"BHR","Bahrain",6081.21122695228,2000,0,0
"BHR","Bahrain",7715.75592232438,2005,0,0
"BHR","Bahrain",10175.552986197,2010,0,0
"BHR","Bahrain",14018.0700252421,2015,0,0
"BHR","Bahrain",20121.1341321765,2020,0,0
"BHR","Bahrain",22993.8035018157,2024,0,0
"BGD","Bangladesh",55718.4275250702,1975,0,0
"BGD","Bangladesh",41913.3382038069,1980,0,0
"BGD","Bangladesh",34903.2606705425,1985,0,0
"BGD","Bangladesh",33064.7595989553,1990,0,0
"BGD","Bangladesh",34273.3402164687,1995,0,0
"BGD","Bangladesh",37347.5793753581,2000,0,0
"BGD","Bangladesh",38886.3272796547,2005,0,0
"BGD","Bangladesh",41022.5083351244,2010,0,0
"BGD","Bangladesh",44743.8710438555,2015,0.0166982251668793,0.0166982251668793
"BGD","Bangladesh",49481.0277908272,2020,0,0
"BGD","Bangladesh",55587.9912989696,2024,0.0166982251668793,0.0166982251668793
"BLR","Belarus",12784.0882236806,1975,0,0
"BLR","Belarus",14670.2665656657,1980,0,0
"BLR","Belarus",16136.4010537142,1985,0.0987953342811922,0.0987953342811922
"BLR","Belarus",17297.4082651447,1990,0.166150241709903,0.166150241709903
"BLR","Belarus",16462.3200785036,1995,0.200492592420692,0.200492592420692
"BLR","Belarus",16262.7505938127,2000,0.221246131659095,0.221246131659095
"BLR","Belarus",16344.3415873888,2005,0.232239689232237,0.232239689232237
"BLR","Belarus",16606.3826946528,2010,0.240820526376787,0.240820526376787
"BLR","Belarus",17258.7434941287,2015,0.271280772179037,0.271280772179037
"BLR","Belarus",18341.5624115235,2020,0.274807884080024,0.274807884080024
"BLR","Belarus",18502.1544352841,2024,0.271280772179037,0.271280772179037
"BEL","Belgium",9251.16749228824,1975,0.0237132642499039,0.0237132642499039
"BEL","Belgium",9399.62425952783,1980,0.0318084168395504,0.0318084168395504
"BEL","Belgium",9493.30828397945,1985,0.0312707727561594,0.0312707727561594
"BEL","Belgium",9611.65575913428,1990,0.0307432281767643,0.0307432281767643
"BEL","Belgium",9586.53544957788,1995,0.0301813122798039,0.0301813122798039
"BEL","Belgium",9896.38542179415,2000,0.043955293978699,0.043955293978699
"BEL","Belgium",10366.541446865,2005,0.0422357492532898,0.0422357492532898
"BEL","Belgium",10897.4570437234,2010,0.040539157933144,0.040539157933144
"BEL","Belgium",11488.6314644326,2015,0.0425752999742333,0.0425752999742333
"BEL","Belgium",11998.3382169192,2020,0.0435591019761716,0.0435591019761716
"BEL","Belgium",12394.8084877881,2024,0.0425752999742333,0.0425752999742333
"BEN","Benin",8167.50474494726,1975,0,0
"BEN","Benin",10596.8391673275,1980,0,0
"BEN","Benin",12032.4842577292,1985,0,0
"BEN","Benin",13695.6558408055,1990,0,0
"BEN","Benin",14495.136587202,1995,0,0
"BEN","Benin",14842.4090453744,2000,0,0
"BEN","Benin",14035.0455544806,2005,0,0
"BEN","Benin",12996.9619440568,2010,0,0
"BEN","Benin",12337.0180928157,2015,0,0
"BEN","Benin",12548.1460312667,2020,0,0
"BEN","Benin",13524.456974447,2024,0,0
"BOL","Bolivia",7425.04809349915,1975,0,0
"BOL","Bolivia",7519.79001898902,1980,0,0
"BOL","Bolivia",7709.87100549675,1985,0,0
"BOL","Bolivia",8148.19577582867,1990,0,0
"BOL","Bolivia",8397.10138230589,1995,0,0
"BOL","Bolivia",8970.85612287693,2000,0,0
"BOL","Bolivia",9053.14298839913,2005,0,0
"BOL","Bolivia",9098.95612064064,2010,0,0
"BOL","Bolivia",9319.0039996669,2015,0.0307006241603705,0.0307006241603705
"BOL","Bolivia",10036.6754282418,2020,0.00326677786900516,0.00326677786900516
"BOL","Bolivia",10511.2112820106,2024,0.0307006241603705,0.0307006241603705
"BRA","Brazil",13512.5773130459,1975,0.0134589584779173,0.0134589584779173
"BRA","Brazil",15638.6544222546,1980,0.0138506877615549,0.0138506877615549
"BRA","Brazil",16727.8993266812,1985,0.0177505724891655,0.0177505724891655
"BRA","Brazil",18008.7694925872,1990,0.0211022102499657,0.0211022102499657
"BRA","Brazil",17892.554829741,1995,0.0216427606671625,0.0216427606671625
"BRA","Brazil",18718.1426100134,2000,0.0235193627202282,0.0235193627202282
"BRA","Brazil",19227.3504145825,2005,0.0243862248239655,0.0243862248239655
"BRA","Brazil",19898.4410323957,2010,0.0287963741020491,0.0287963741020491
"BRA","Brazil",20639.784738455,2015,0.0456192976087277,0.0456192976087277
"BRA","Brazil",21164.0433297189,2020,0.0458873763087008,0.0458873763087008
"BRA","Brazil",21496.4735615718,2024,0.0456192976087277,0.0456192976087277
"BGR","Bulgaria",13005.1795202848,1975,0,0
"BGR","Bulgaria",13385.6264582674,1980,0,0
"BGR","Bulgaria",13927.2218126676,1985,0,0
"BGR","Bulgaria",13419.6575479131,1990,0,0
"BGR","Bulgaria",12354.9302745226,1995,0,0
"BGR","Bulgaria",11431.4704457083,2000,0.126392678817457,0.126392678817457
"BGR","Bulgaria",11142.5674150356,2005,0.129563606092315,0.129563606092315
"BGR","Bulgaria",11023.1861803719,2010,0.199396802085982,0.199396802085982
"BGR","Bulgaria",10964.4832701406,2015,0.433415773190961,0.433415773190961
"BGR","Bulgaria",11046.3057865108,2020,0.400082709048914,0.400082709048914
"BGR","Bulgaria",10722.3775513339,2024,0.433415773190961,0.433415773190961
"BFA","Burkina Faso",2561.17414437916,1975,0,0
"BFA","Burkina Faso",3183.24106891036,1980,0,0
"BFA","Burkina Faso",4006.00264136327,1985,0,0
"BFA","Burkina Faso",4264.66252545291,1990,0,0
"BFA","Burkina Faso",4430.21887960982,1995,0,0
"BFA","Burkina Faso",5281.75369944537,2000,0,0
"BFA","Burkina Faso",6256.43462062548,2005,0,0
"BFA","Burkina Faso",7310.14074991152,2010,0,0
"BFA","Burkina Faso",8634.32077559378,2015,0,0
"BFA","Burkina Faso",10652.2802410757,2020,0,0
"BFA","Burkina Faso",12455.8917686461,2024,0,0
"BDI","Burundi",26978.1819129714,1975,0,0
"BDI","Burundi",17955.2999700456,1980,0,0
"BDI","Burundi",14506.1725619201,1985,0,0
"BDI","Burundi",13073.2949309604,1990,0,0
"BDI","Burundi",12424.2928824113,1995,0,0
"BDI","Burundi",12877.3558814008,2000,0,0
"BDI","Burundi",14677.4598384006,2005,0,0
"BDI","Burundi",18537.4013839543,2010,0,0
"BDI","Burundi",22733.4523112305,2015,0,0
"BDI","Burundi",26862.40561397,2020,0,0
"BDI","Burundi",33102.1471186425,2024,0,0
"KHM","Cambodia",25225.2056955828,1975,0,0
"KHM","Cambodia",17930.2251953786,1980,0,0
"KHM","Cambodia",23846.6107779227,1985,0,0
"KHM","Cambodia",27576.4405956923,1990,0,0
"KHM","Cambodia",25303.6408729873,1995,0,0
"KHM","Cambodia",26886.5878974417,2000,0,0
"KHM","Cambodia",23737.5710775027,2005,0,0
"KHM","Cambodia",21875.9217093145,2010,0,0
"KHM","Cambodia",21393.9432987954,2015,0,0
"KHM","Cambodia",21505.5617119102,2020,0,0
"KHM","Cambodia",22747.8375262862,2024,0,0
"CMR","Cameroon",6233.11119546641,1975,0,0
"CMR","Cameroon",7208.31837500376,1980,0,0
"CMR","Cameroon",8448.31566112937,1985,0,0
"CMR","Cameroon",10114.6869276608,1990,0,0
"CMR","Cameroon",11959.5392409775,1995,0,0
"CMR","Cameroon",14564.0743682428,2000,0,0
"CMR","Cameroon",16863.8615103363,2005,0,0
"CMR","Cameroon",19717.429714368,2010,0,0
"CMR","Cameroon",23710.1122932495,2015,0,0
"CMR","Cameroon",29133.8004800444,2020,0,0
"CMR","Cameroon",34048.3256337136,2024,0,0
"CAN","Canada",7815.48901133816,1975,0.11336081250012,0.11336081250012
"CAN","Canada",8030.60737082435,1980,0.138900175821544,0.138900175821544
"CAN","Canada",8501.53108916152,1985,0.171172144849348,0.171172144849348
"CAN","Canada",9326.01280436949,1990,0.170992257372683,0.170992257372683
"CAN","Canada",9686.00984078429,1995,0.16602788185083,0.16602788185083
"CAN","Canada",10161.9381399021,2000,0.157273619997869,0.157273619997869
"CAN","Canada",10513.4315669978,2005,0.157446630552443,0.157446630552443
"CAN","Canada",10956.2246001798,2010,0.160095058375118,0.160095058375118
"CAN","Canada",11313.9099600211,2015,0.16240341494108,0.16240341494108
"CAN","Canada",11835.1049275277,2020,0.164123219725804,0.164123219725804
"CAN","Canada",12178.4797158166,2024,0.16240341494108,0.16240341494108
"CAF","Central African Republic",9465.78920233109,1975,0,0
"CAF","Central African Republic",10623.1077141448,1980,0,0
"CAF","Central African Republic",11955.1960082442,1985,0,0
"CAF","Central African Republic",13458.3980959908,1990,0,0
"CAF","Central African Republic",14541.8357070937,1995,0,0
"CAF","Central African Republic",15893.0823495982,2000,0,0
"CAF","Central African Republic",17669.6265826554,2005,0,0
"CAF","Central African Republic",19988.2301758388,2010,0,0
"CAF","Central African Republic",22291.8399558128,2015,0,0
"CAF","Central African Republic",24369.7846746283,2020,0,0
"CAF","Central African Republic",28115.0797730711,2024,0,0
"TCD","Chad",3756.29998717564,1975,0,0
"TCD","Chad",4577.04023831558,1980,0,0
"TCD","Chad",5027.59922630763,1985,0,0
"TCD","Chad",5619.59487999878,1990,0,0
"TCD","Chad",6545.70516572797,1995,0,0
"TCD","Chad",7719.19874679475,2000,0,0
"TCD","Chad",8630.44518284068,2005,0,0
"TCD","Chad",9726.86313517958,2010,0,0
"TCD","Chad",11079.6186516541,2015,0,0
"TCD","Chad",12976.0259616124,2020,0,0
"TCD","Chad",15136.9357638376,2024,0,0
"CHL","Chile",9817.62028289395,1975,0.0374376218818157,0.0374376218818157
"CHL","Chile",11095.8329959402,1980,0.0764113266699849,0.0764113266699849
"CHL","Chile",12147.9793170851,1985,0.0687084171646665,0.0687084171646665
"CHL","Chile",13061.5460062304,1990,0.0662886067979662,0.0662886067979662
"CHL","Chile",13066.1564076657,1995,0.0607969828609295,0.0607969828609295
"CHL","Chile",13535.7443223448,2000,0.0714552314801393,0.0714552314801393
"CHL","Chile",13185.0246454608,2005,0.126664108127229,0.126664108127229
"CHL","Chile",13409.8297164799,2010,0.151989554283126,0.151989554283126
"CHL","Chile",14081.6551099246,2015,0.195809390567026,0.195809390567026
"CHL","Chile",15163.0135269597,2020,0.184690314160616,0.184690314160616
"CHL","Chile",15550.750661283,2024,0.195809390567026,0.195809390567026
"CHN","China",65628.0361154064,1975,0.0121169201529369,0.0121169201529369
"CHN","China",47290.6405543936,1980,0.0174076367515262,0.0174076367515262
"CHN","China",42281.2161498784,1985,0.0218174642674442,0.0218174642674442
"CHN","China",41019.414959318,1990,0.0211627360238498,0.0211627360238498
"CHN","China",38030.7579461912,1995,0.02076325137326,0.02076325137326
"CHN","China",41937.806281302,2000,0.0258826188059794,0.0258826188059794
"CHN","China",41004.6798395578,2005,0.0363893675832893,0.0363893675832893
"CHN","China",41112.6729495523,2010,0.0642527191017069,0.0642527191017069
"CHN","China",42365.7618724562,2015,0.17931766676874,0.17931766676874
"CHN","China",44967.32976912,2020,0.156661513082922,0.156661513082922
"CHN","China",47106.47932539,2024,0.17931766676874,0.17931766676874
"COL","Colombia",15641.6774175406,1975,0,0
"COL","Colombia",17218.3886659504,1980,0,0
"COL","Colombia",18982.7035598611,1985,0,0
"COL","Colombia",20785.3842412554,1990,0,0
"COL","Colombia",21519.2510480233,1995,0.0140283070507899,0.0140283070507899
"COL","Colombia",22937.7085262409,2000,0.0410758143494147,0.0410758143494147
"COL","Colombia",24433.1091199338,2005,0.118532718482499,0.118532718482499
"COL","Colombia",26020.6737501014,2010,0.201811199387565,0.201811199387565
"COL","Colombia",28035.3374245952,2015,0.214879923551284,0.214879923551284
"COL","Colombia",30289.8869308431,2020,0.218889969386072,0.218889969386072
"COL","Colombia",31042.7881647007,2024,0.214879923551284,0.214879923551284
"COG","Congo - Brazzaville",13318.7942781499,1975,0,0
"COG","Congo - Brazzaville",11713.3915900808,1980,0,0
"COG","Congo - Brazzaville",11069.6163458843,1985,0,0
"COG","Congo - Brazzaville",11630.633866563,1990,0,0
"COG","Congo - Brazzaville",12734.3632181669,1995,0,0
"COG","Congo - Brazzaville",14837.423018661,2000,0,0
"COG","Congo - Brazzaville",18797.5496411129,2005,0,0
"COG","Congo - Brazzaville",24796.9539328512,2010,0,0
"COG","Congo - Brazzaville",32240.2870881131,2015,0,0
"COG","Congo - Brazzaville",43514.0562208997,2020,0,0
"COG","Congo - Brazzaville",50540.655354453,2024,0,0
"COD","Congo - Kinshasa",14198.6126412055,1975,0,0
"COD","Congo - Kinshasa",15010.9485189091,1980,0,0
"COD","Congo - Kinshasa",16272.4186433907,1985,0,0
"COD","Congo - Kinshasa",18556.2906150382,1990,0,0
"COD","Congo - Kinshasa",22155.7425597545,1995,0,0
"COD","Congo - Kinshasa",25136.2400599375,2000,0,0
"COD","Congo - Kinshasa",26656.8772193191,2005,0,0
"COD","Congo - Kinshasa",29380.9505325165,2010,0,0
"COD","Congo - Kinshasa",34718.2489741506,2015,0,0
"COD","Congo - Kinshasa",41855.5869022803,2020,0,0
"COD","Congo - Kinshasa",49652.5065942509,2024,0,0
"CRI","Costa Rica",6992.35305033162,1975,0,0
"CRI","Costa Rica",7246.63393817329,1980,0,0
"CRI","Costa Rica",7623.98541501683,1985,0,0
"CRI","Costa Rica",8040.58274020497,1990,0,0
"CRI","Costa Rica",8574.85580934155,1995,0,0
"CRI","Costa Rica",9421.09695811829,2000,0,0
"CRI","Costa Rica",9556.20979306524,2005,0,0
"CRI","Costa Rica",9725.26609486063,2010,0,0
"CRI","Costa Rica",9982.66819566804,2015,0,0
"CRI","Costa Rica",10542.7066450656,2020,0,0
"CRI","Costa Rica",10782.3396284889,2024,0,0
"HRV","Croatia",12656.0797448815,1975,0,0
"HRV","Croatia",12840.3717749467,1980,0,0
"HRV","Croatia",12789.9410209807,1985,0,0
"HRV","Croatia",12744.4696005036,1990,0,0
"HRV","Croatia",11925.0142077304,1995,0,0
"HRV","Croatia",11150.352800873,2000,0,0
"HRV","Croatia",10766.5285294663,2005,0,0
"HRV","Croatia",10471.4732652665,2010,0,0
"HRV","Croatia",10160.9617727412,2015,0,0
"HRV","Croatia",9805.4406507463,2020,0,0
"HRV","Croatia",9564.61837423915,2024,0,0
"CUB","Cuba",29251.6786976679,1975,0,0
"CUB","Cuba",27785.08170312,1980,0,0
"CUB","Cuba",26687.8744154515,1985,0,0
"CUB","Cuba",25921.3298261106,1990,0,0
"CUB","Cuba",25706.1982092315,1995,0,0
"CUB","Cuba",25466.8165970328,2000,0,0
"CUB","Cuba",24952.2077761484,2005,0,0
"CUB","Cuba",24113.288147303,2010,0,0
"CUB","Cuba",23314.9341953591,2015,0,0
"CUB","Cuba",22130.4315923375,2020,0,0
"CUB","Cuba",21812.1872538548,2024,0,0
"CZE","Czechia",11389.2470253922,1975,0.116136557416068,0.116136557416068
"CZE","Czechia",11547.5029791376,1980,0.256827794567607,0.256827794567607
"CZE","Czechia",11399.5516691017,1985,0.297235148631089,0.297235148631089
"CZE","Czechia",11274.214854686,1990,0.356645308005833,0.356645308005833
"CZE","Czechia",10648.575580834,1995,0.389194586771177,0.389194586771177
"CZE","Czechia",10097.074181847,2000,0.429079419576026,0.429079419576026
"CZE","Czechia",10167.2797983929,2005,0.445014847427979,0.445014847427979
"CZE","Czechia",10352.7547316236,2010,0.446529746821086,0.446529746821086
"CZE","Czechia",10451.5220604262,2015,0.430446120003779,0.430446120003779
"CZE","Czechia",10512.9375065605,2020,0.436322640204916,0.436322640204916
"CZE","Czechia",10600.7907849465,2024,0.430446120003779,0.430446120003779
"CIV","Côte d’Ivoire",7741.28060613909,1975,0,0
"CIV","Côte d’Ivoire",10331.1203682814,1980,0,0
"CIV","Côte d’Ivoire",12058.7988227693,1985,0,0
"CIV","Côte d’Ivoire",13972.6097041661,1990,0,0
"CIV","Côte d’Ivoire",15673.6839827649,1995,0,0
"CIV","Côte d’Ivoire",17627.3053020505,2000,0,0
"CIV","Côte d’Ivoire",19130.878417288,2005,0,0
"CIV","Côte d’Ivoire",20851.6808253735,2010,0,0
"CIV","Côte d’Ivoire",22853.0539566212,2015,0,0
"CIV","Côte d’Ivoire",26330.4699435821,2020,0,0
"CIV","Côte d’Ivoire",29354.9356679778,2024,0,0
"DNK","Denmark",8873.50877612187,1975,0.375403560510851,0.375403560510851
"DNK","Denmark",8435.61509415256,1980,0.464483821506681,0.464483821506681
"DNK","Denmark",8297.29773955132,1985,0.480334695280101,0.480334695280101
"DNK","Denmark",8327.10586226591,1990,0.488502837410017,0.488502837410017
"DNK","Denmark",8568.78172721017,1995,0.481067124794731,0.481067124794731
"DNK","Denmark",8965.54964490805,2000,0.488598092636795,0.488598092636795
"DNK","Denmark",9586.96008359594,2005,0.634537416971056,0.634537416971056
"DNK","Denmark",10451.0135355801,2010,0.618832647502009,0.618832647502009
"DNK","Denmark",11609.0989398955,2015,0.605470791444928,0.605470791444928
"DNK","Denmark",12846.389990486,2020,0.628359254055451,0.628359254055451
"DNK","Denmark",13669.9687611017,2024,0.605470791444928,0.605470791444928
"DJI","Djibouti",20883.3741171326,1975,0,0
"DJI","Djibouti",20334.5734912992,1980,0,0
"DJI","Djibouti",22829.4820484646,1985,0,0
"DJI","Djibouti",30046.7691018256,1990,0,0
"DJI","Djibouti",21973.8342160471,1995,0,0
"DJI","Djibouti",20260.2953788787,2000,0,0
"DJI","Djibouti",20567.8898774179,2005,0,0
"DJI","Djibouti",21230.6114890892,2010,0,0
"DJI","Djibouti",22263.9356741313,2015,0,0
"DJI","Djibouti",26939.1943262506,2020,0,0
"DJI","Djibouti",28154.5111881418,2024,0,0
"DOM","Dominican Republic",13895.9999029167,1975,0,0
"DOM","Dominican Republic",14586.9357398976,1980,0,0
"DOM","Dominican Republic",14936.0071645016,1985,0,0
"DOM","Dominican Republic",15245.9369163289,1990,0,0
"DOM","Dominican Republic",14418.8601581912,1995,0,0
"DOM","Dominican Republic",14559.1768338931,2000,0,0
"DOM","Dominican Republic",15258.7156868155,2005,0,0
"DOM","Dominican Republic",15829.1575975359,2010,0.0381630605583253,0.0381630605583253
"DOM","Dominican Republic",16460.0574460268,2015,0.0756608044116222,0.0756608044116222
"DOM","Dominican Republic",16528.5787342236,2020,0.0802346666627339,0.0802346666627339
"DOM","Dominican Republic",17464.521994764,2024,0.0756608044116222,0.0756608044116222
"ECU","Ecuador",7407.65017523109,1975,0,0
"ECU","Ecuador",9017.48429849501,1980,0,0
"ECU","Ecuador",10660.7085956951,1985,0,0
"ECU","Ecuador",12221.0111740385,1990,0,0
"ECU","Ecuador",12336.3983658951,1995,0.0589650705225848,0.0589650705225848
"ECU","Ecuador",13265.0463150733,2000,0.0527153003046349,0.0527153003046349
"ECU","Ecuador",13482.5961960105,2005,0.0906261649737786,0.0906261649737786
"ECU","Ecuador",13967.2818836511,2010,0.133569631332045,0.133569631332045
"ECU","Ecuador",14921.9687287928,2015,0.159359465022225,0.159359465022225
"ECU","Ecuador",16252.7951645142,2020,0.147697785373664,0.147697785373664
"ECU","Ecuador",17061.1628322807,2024,0.159359465022225,0.159359465022225
"EGY","Egypt",32018.4207336562,1975,0,0
"EGY","Egypt",32735.3612098199,1980,0,0
"EGY","Egypt",33691.9926617327,1985,0,0
"EGY","Egypt",35293.0374916436,1990,0.0845602704329548,0.0845602704329548
"EGY","Egypt",36787.8821746933,1995,0.0745763608878238,0.0745763608878238
"EGY","Egypt",38666.3886406835,2000,0.104319125764763,0.104319125764763
"EGY","Egypt",40467.875894323,2005,0.100149255859569,0.100149255859569
"EGY","Egypt",43041.5684715234,2010,0.0901001487235154,0.0901001487235154
"EGY","Egypt",47297.7604330306,2015,0.0834463979203105,0.0834463979203105
"EGY","Egypt",55446.6577197227,2020,0.0804321847015955,0.0804321847015955
"EGY","Egypt",66892.9709645869,2024,0.0834463979203105,0.0834463979203105
"SLV","El Salvador",18709.1694150225,1975,0,0
"SLV","El Salvador",18558.6571860631,1980,0,0
"SLV","El Salvador",18401.0564060973,1985,0,0
"SLV","El Salvador",18483.0074850735,1990,0,0
"SLV","El Salvador",17114.1122211473,1995,0,0
"SLV","El Salvador",16254.1330349271,2000,0,0
"SLV","El Salvador",16070.9745222823,2005,0,0
"SLV","El Salvador",15906.5723828463,2010,0,0
"SLV","El Salvador",16182.0253378285,2015,0,0
"SLV","El Salvador",16833.229577858,2020,0,0
"SLV","El Salvador",17281.9616253189,2024,0,0
"GNQ","Equatorial Guinea",3883.40147875044,1975,0,0
"GNQ","Equatorial Guinea",4120.60568332803,1980,0,0
"GNQ","Equatorial Guinea",4549.60302591475,1985,0,0
"GNQ","Equatorial Guinea",5302.416869512,1990,0,0
"GNQ","Equatorial Guinea",7153.43836174586,1995,0,0
"GNQ","Equatorial Guinea",12139.6485507258,2000,0,0
"GNQ","Equatorial Guinea",10766.5983996,2005,0,0
"GNQ","Equatorial Guinea",10357.5558174082,2010,0,0
"GNQ","Equatorial Guinea",11177.3695358101,2015,0,0
"GNQ","Equatorial Guinea",20797.2267105363,2020,0,0
"GNQ","Equatorial Guinea",23019.1579412818,2024,0,0
"ETH","Ethiopia",10253.0458028672,1975,0,0
"ETH","Ethiopia",10696.6283236725,1980,0,0
"ETH","Ethiopia",11615.2104739644,1985,0,0
"ETH","Ethiopia",12816.8410717757,1990,0,0
"ETH","Ethiopia",14441.1143301891,1995,0,0
"ETH","Ethiopia",15911.1835662501,2000,0,0
"ETH","Ethiopia",16924.0588496632,2005,0,0
"ETH","Ethiopia",19563.035121618,2010,0,0
"ETH","Ethiopia",23767.4621737596,2015,0.154409759280099,0.154409759280099
"ETH","Ethiopia",30376.8455855154,2020,0.18437414137372,0.18437414137372
"ETH","Ethiopia",36615.8362957447,2024,0.154409759280099,0.154409759280099
"FIN","Finland",7304.75996871635,1975,0,0
"FIN","Finland",7958.61899865271,1980,0,0
"FIN","Finland",8096.83399337447,1985,0.156112572422204,0.156112572422204
"FIN","Finland",9293.2836980901,1990,0.176589698493279,0.176589698493279
"FIN","Finland",8839.41341275823,1995,0.166532635233354,0.166532635233354
"FIN","Finland",8701.65042448176,2000,0.193400229247434,0.193400229247434
"FIN","Finland",8534.84695397246,2005,0.189657127474535,0.189657127474535
"FIN","Finland",8496.9686896529,2010,0.184380512898157,0.184380512898157
"FIN","Finland",8773.13221917192,2015,0.289308315155803,0.289308315155803
"FIN","Finland",8854.26657400072,2020,0.199884764704448,0.199884764704448
"FIN","Finland",8799.60788222672,2024,0.289308315155803,0.289308315155803
"FRA","France",12669.9923024714,1975,0.32771521321028,0.32771521321028
"FRA","France",12739.1997628325,1980,0.364646590635701,0.364646590635701
"FRA","France",13007.7923031608,1985,0.377746373307374,0.377746373307374
"FRA","France",13375.5280239276,1990,0.374942485761901,0.374942485761901
"FRA","France",13386.6288001729,1995,0.399567201289552,0.399567201289552
"FRA","France",13513.5615235795,2000,0.408060501575795,0.408060501575795
"FRA","France",13904.5801779391,2005,0.419305856178501,0.419305856178501
"FRA","France",14328.6398171858,2010,0.446076114076138,0.446076114076138
"FRA","France",14636.7689404856,2015,0.490431769180681,0.490431769180681
"FRA","France",14691.9569962665,2020,0.479439542014483,0.479439542014483
"FRA","France",14916.4166982927,2024,0.490431769180681,0.490431769180681
"GAB","Gabon",2196.0530117549,1975,0,0
"GAB","Gabon",3110.28882067286,1980,0,0
"GAB","Gabon",3615.48146929732,1985,0,0
"GAB","Gabon",4219.82008236517,1990,0,0
"GAB","Gabon",5010.48603196457,1995,0,0
"GAB","Gabon",5577.55475171936,2000,0,0
"GAB","Gabon",5887.08817769179,2005,0,0
"GAB","Gabon",6354.74971779464,2010,0,0
"GAB","Gabon",6951.18416081483,2015,0,0
"GAB","Gabon",9014.02157866604,2020,0,0
"GAB","Gabon",9434.29987374222,2024,0,0
"GMB","Gambia",2662.63384536261,1975,0,0
"GMB","Gambia",3475.61890507367,1980,0,0
"GMB","Gambia",4583.84104864103,1985,0,0
"GMB","Gambia",6106.7085114185,1990,0,0
"GMB","Gambia",7440.69990915071,1995,0,0
"GMB","Gambia",8315.54072548562,2000,0,0
"GMB","Gambia",9083.16519305601,2005,0,0
"GMB","Gambia",9583.00963570933,2010,0,0
"GMB","Gambia",10359.9380097866,2015,0,0
"GMB","Gambia",12311.7986522044,2020,0,0
"GMB","Gambia",13554.1316651372,2024,0,0
"GEO","Georgia",16699.3849112172,1975,0.194335330074429,0.194335330074429
"GEO","Georgia",18074.9092100066,1980,0.315700480753677,0.315700480753677
"GEO","Georgia",19286.8211163853,1985,0.323537184404315,0.323537184404315
"GEO","Georgia",19854.2838305535,1990,0.313569035571818,0.313569035571818
"GEO","Georgia",18377.2035954122,1995,0.33218693607308,0.33218693607308
"GEO","Georgia",17180.395999123,2000,0.352602673099886,0.352602673099886
"GEO","Georgia",16934.7118679362,2005,0.35166660866844,0.35166660866844
"GEO","Georgia",17295.8218276497,2010,0.339496259708685,0.339496259708685
"GEO","Georgia",17516.4989016017,2015,0.348034576899606,0.348034576899606
"GEO","Georgia",16168.9755153232,2020,0.348267651664304,0.348267651664304
"GEO","Georgia",16178.7345332437,2024,0.348034576899606,0.348034576899606
"DEU","Germany",9222.70949139846,1975,0.25671290889982,0.25671290889982
"DEU","Germany",8833.13162313076,1980,0.295838144818556,0.295838144818556
"DEU","Germany",8396.57995954328,1985,0.331689688006864,0.331689688006864
"DEU","Germany",8556.40672020908,1990,0.367644965535915,0.367644965535915
"DEU","Germany",8334.21458033971,1995,0.383162446813401,0.383162446813401
"DEU","Germany",7960.56035063851,2000,0.402828552801903,0.402828552801903
"DEU","Germany",7841.42607570806,2005,0.409311500063586,0.409311500063586
"DEU","Germany",7846.48684020997,2010,0.410073334157419,0.410073334157419
"DEU","Germany",7918.55675230375,2015,0.383411177168009,0.383411177168009
"DEU","Germany",8339.63668258674,2020,0.386669890014033,0.386669890014033
"DEU","Germany",8434.66520045436,2024,0.383411177168009,0.383411177168009
"GHA","Ghana",5567.76701756011,1975,0,0
"GHA","Ghana",5496.02061266645,1980,0,0
"GHA","Ghana",5565.22344356198,1985,0,0
"GHA","Ghana",5997.76835860549,1990,0,0
"GHA","Ghana",6375.58154522684,1995,0,0
"GHA","Ghana",7227.7742112711,2000,0,0
"GHA","Ghana",8431.89682064466,2005,0,0
"GHA","Ghana",10113.7753756128,2010,0,0
"GHA","Ghana",11940.9582216348,2015,0,0
"GHA","Ghana",15213.719405705,2020,0,0
"GHA","Ghana",17289.4630431597,2024,0,0
"GRC","Greece",14995.0564572459,1975,0.069349029023214,0.069349029023214
"GRC","Greece",16363.8014130958,1980,0.063598298390492,0.063598298390492
"GRC","Greece",16645.8629766592,1985,0.0640129357785421,0.0640129357785421
"GRC","Greece",16734.3682779014,1990,0.0632629864820223,0.0632629864820223
"GRC","Greece",16820.4553542487,1995,0.0621146234709688,0.0621146234709688
"GRC","Greece",16995.3107191898,2000,0.12770375303941,0.12770375303941
"GRC","Greece",16919.0321573079,2005,0.146317791481056,0.146317791481056
"GRC","Greece",16802.6686716443,2010,0.170002125375686,0.170002125375686
"GRC","Greece",16707.7973235647,2015,0.223624247779324,0.223624247779324
"GRC","Greece",16149.2911345217,2020,0.217685694554816,0.217685694554816
"GRC","Greece",16032.6900013003,2024,0.223624247779324,0.223624247779324
"GTM","Guatemala",13524.1135619492,1975,0,0
"GTM","Guatemala",12788.9043483325,1980,0,0
"GTM","Guatemala",12373.5647270581,1985,0,0
"GTM","Guatemala",12326.6971600738,1990,0,0
"GTM","Guatemala",12421.8899375309,1995,0,0
"GTM","Guatemala",13847.9310878019,2000,0,0
"GTM","Guatemala",15347.8586243209,2005,0,0
"GTM","Guatemala",16370.1521371485,2010,0.00820183235651329,0.00820183235651329
"GTM","Guatemala",16859.0988563124,2015,0.00764391671292742,0.00764391671292742
"GTM","Guatemala",16350.5367273899,2020,0.00792403082904728,0.00792403082904728
"GTM","Guatemala",16697.0180040899,2024,0.00764391671292742,0.00764391671292742
"GIN","Guinea",8510.42626836757,1975,0,0
"GIN","Guinea",9149.68993583235,1980,0,0
"GIN","Guinea",10117.385831147,1985,0,0
"GIN","Guinea",11498.6533229065,1990,0,0
"GIN","Guinea",12762.849719627,1995,0,0
"GIN","Guinea",13882.8975126159,2000,0,0
"GIN","Guinea",15301.5225909103,2005,0,0
"GIN","Guinea",16940.5338084825,2010,0,0
"GIN","Guinea",18994.5945954528,2015,0,0
"GIN","Guinea",19874.640362064,2020,0,0
"GIN","Guinea",22382.9272809653,2024,0,0
"GNB","Guinea-Bissau",5128.61411069902,1975,0,0
"GNB","Guinea-Bissau",6369.21816924188,1980,0,0
"GNB","Guinea-Bissau",7117.82902053576,1985,0,0
"GNB","Guinea-Bissau",8208.24848997786,1990,0,0
"GNB","Guinea-Bissau",8670.11058823554,1995,0,0
"GNB","Guinea-Bissau",9546.83015053635,2000,0,0
"GNB","Guinea-Bissau",10248.9454416145,2005,0,0
"GNB","Guinea-Bissau",11253.2152617321,2010,0,0
"GNB","Guinea-Bissau",12924.0508722527,2015,0,0
"GNB","Guinea-Bissau",14815.8015894902,2020,0,0
"GNB","Guinea-Bissau",16595.1091395534,2024,0,0
"HTI","Haiti",18637.6714337437,1975,0,0
"HTI","Haiti",19962.4430361999,1980,0,0
"HTI","Haiti",22079.6832488144,1985,0,0
"HTI","Haiti",25110.8296386208,1990,0,0
"HTI","Haiti",26121.1283222812,1995,0,0
"HTI","Haiti",26774.4801979994,2000,0,0
"HTI","Haiti",29020.2704613502,2005,0,0
"HTI","Haiti",23476.1445986752,2010,0,0
"HTI","Haiti",21656.7416676563,2015,0,0
"HTI","Haiti",19016.4118653097,2020,0,0
"HTI","Haiti",17441.6929027384,2024,0,0
"HND","Honduras",8102.89568022426,1975,0,0
"HND","Honduras",9071.81885216228,1980,0,0
"HND","Honduras",10133.0551598765,1985,0,0
"HND","Honduras",11043.1158249283,1990,0,0
"HND","Honduras",10984.5035884461,1995,0,0
"HND","Honduras",11538.106388412,2000,0,0
"HND","Honduras",12417.6778227629,2005,0,0
"HND","Honduras",13292.380104743,2010,0,0
"HND","Honduras",14076.9141913746,2015,0,0
"HND","Honduras",16813.0305671953,2020,0,0
"HND","Honduras",17483.3434149006,2024,0,0
"HUN","Hungary",13232.7366338265,1975,0.129020336779022,0.129020336779022
"HUN","Hungary",13329.9991916158,1980,0.168087307846992,0.168087307846992
"HUN","Hungary",12976.9039039997,1985,0.2014362025477,0.2014362025477
"HUN","Hungary",12598.221923671,1990,0.230851769646228,0.230851769646228
"HUN","Hungary",11531.1272596084,1995,0.244616312400504,0.244616312400504
"HUN","Hungary",10663.364628103,2000,0.259229402910909,0.259229402910909
"HUN","Hungary",10391.2061938401,2005,0.26433077142493,0.26433077142493
"HUN","Hungary",10191.0814544932,2010,0.268206440252944,0.268206440252944
"HUN","Hungary",10195.3041498634,2015,0.274572514915826,0.274572514915826
"HUN","Hungary",10335.9335960259,2020,0.283207536632196,0.283207536632196
"HUN","Hungary",10652.2324717424,2024,0.274572514915826,0.274572514915826
"IND","India",41221.498537011,1975,0,0
"IND","India",37770.7097231398,1980,0,0
"IND","India",35588.745294192,1985,0.00280547535102548,0.00280547535102548
"IND","India",35141.8426935141,1990,0.00379213796995605,0.00379213796995605
"IND","India",34299.9666942411,1995,0.00578120316715512,0.00578120316715512
"IND","India",35885.3060897027,2000,0.00537179198615637,0.00537179198615637
"IND","India",36193.1256015404,2005,0.0105220699027277,0.0105220699027277
"IND","India",36860.4033307642,2010,0.0153300335310841,0.0153300335310841
"IND","India",38085.7776922534,2015,0.0396956244490506,0.0396956244490506
"IND","India",40073.5781096016,2020,0.0346370256120754,0.0346370256120754
"IND","India",41719.0713220083,2024,0.0396956244490506,0.0396956244490506
"IDN","Indonesia",18465.7791136035,1975,0,0
"IDN","Indonesia",16893.9303347535,1980,0,0
"IDN","Indonesia",15873.9056685473,1985,0,0
"IDN","Indonesia",15428.3703341421,1990,0,0
"IDN","Indonesia",15032.8697322145,1995,0,0
"IDN","Indonesia",15004.8815047451,2000,0,0
"IDN","Indonesia",15225.8398509807,2005,0.000259820111103182,0.000259820111103182
"IDN","Indonesia",15568.4999441612,2010,0.0166730292768375,0.0166730292768375
"IDN","Indonesia",16112.0200720986,2015,0.0209743747883939,0.0209743747883939
"IDN","Indonesia",16865.8337101984,2020,0.0210519664093977,0.0210519664093977
"IDN","Indonesia",17374.219230427,2024,0.0209743747883939,0.0209743747883939
"IRN","Iran",21166.7820856159,1975,0,0
"IRN","Iran",23550.3060024859,1980,0,0
"IRN","Iran",27976.0071823498,1985,0,0
"IRN","Iran",33026.9955467741,1990,0,0
"IRN","Iran",35496.2540881086,1995,0,0
"IRN","Iran",39788.8428009505,2000,0.0115447620359117,0.0115447620359117
"IRN","Iran",42081.433054962,2005,0.0242881030898188,0.0242881030898188
"IRN","Iran",47625.3895322504,2010,0.0428615532467984,0.0428615532467984
"IRN","Iran",54518.3400140606,2015,0.100393401260297,0.100393401260297
"IRN","Iran",57467.7823654244,2020,0.0956124871171299,0.0956124871171299
"IRN","Iran",58482.3747928216,2024,0.100393401260297,0.100393401260297
"IRQ","Iraq",10764.9334232763,1975,0,0
"IRQ","Iraq",11581.9778926181,1980,0,0
"IRQ","Iraq",12441.4625444159,1985,0,0
"IRQ","Iraq",13151.3488093884,1990,0,0
"IRQ","Iraq",14598.7285661329,1995,0,0
"IRQ","Iraq",16528.1223941388,2000,0,0
"IRQ","Iraq",16940.6287434213,2005,0,0
"IRQ","Iraq",17037.5567626908,2010,0,0
"IRQ","Iraq",19668.0061217802,2015,0,0
"IRQ","Iraq",21430.1894698146,2020,0,0
"IRQ","Iraq",23451.506254038,2024,0,0
"IRL","Ireland",8163.77081093331,1975,0.068024230956668,0.068024230956668
"IRL","Ireland",8566.96162326283,1980,0.0712446500459826,0.0712446500459826
"IRL","Ireland",8498.1755527731,1985,0.0708670302983754,0.0708670302983754
"IRL","Ireland",8261.67542896026,1990,0.0721209982185607,0.0721209982185607
"IRL","Ireland",8082.3652117335,1995,0.0708079295779077,0.0708079295779077
"IRL","Ireland",8146.53200082059,2000,0.0747568390441153,0.0747568390441153
"IRL","Ireland",8221.32698343771,2005,0.0817322582711715,0.0817322582711715
"IRL","Ireland",8615.25692545503,2010,0.0855183679418642,0.0855183679418642
"IRL","Ireland",9248.82012045467,2015,0.100111994163541,0.100111994163541
"IRL","Ireland",9801.23031244314,2020,0.103450231304343,0.103450231304343
"IRL","Ireland",10131.8181315116,2024,0.100111994163541,0.100111994163541
"ISR","Israel",8902.67104672331,1975,0,0
"ISR","Israel",9994.07874792408,1980,0,0
"ISR","Israel",11260.7700296227,1985,0,0
"ISR","Israel",12740.4309223522,1990,0,0
"ISR","Israel",14612.9679510643,1995,0,0
"ISR","Israel",15491.2641402459,2000,0,0
"ISR","Israel",16411.7225493416,2005,0,0
"ISR","Israel",17412.8617663774,2010,0,0
"ISR","Israel",18698.7828559958,2015,0.154852792104284,0.154852792104284
"ISR","Israel",20261.2506292811,2020,0.0683689320352949,0.0683689320352949
"ISR","Israel",21346.5819188599,2024,0.154852792104284,0.154852792104284
"ITA","Italy",22738.738638831,1975,0.0557788915107579,0.0557788915107579
"ITA","Italy",23093.24049455,1980,0.0765432343438485,0.0765432343438485
"ITA","Italy",23116.8803803196,1985,0.0828124235057121,0.0828124235057121
"ITA","Italy",23059.235383554,1990,0.101242318238586,0.101242318238586
"ITA","Italy",22594.49806695,1995,0.11930649492294,0.11930649492294
"ITA","Italy",22028.7799712856,2000,0.126505539631936,0.126505539631936
"ITA","Italy",21705.929556743,2005,0.139833231702168,0.139833231702168
"ITA","Italy",21529.9924547969,2010,0.170822400866752,0.170822400866752
"ITA","Italy",21503.7378477658,2015,0.224872792361121,0.224872792361121
"ITA","Italy",21600.0764195377,2020,0.217810485320307,0.217810485320307
"ITA","Italy",21534.9167240794,2024,0.224872792361121,0.224872792361121
"JAM","Jamaica",8210.63166074359,1975,0,0
"JAM","Jamaica",8277.67089623494,1980,0,0
"JAM","Jamaica",8355.82618160009,1985,0,0
"JAM","Jamaica",8322.41528833869,1990,0,0
"JAM","Jamaica",8337.48455863412,1995,0,0
"JAM","Jamaica",8319.02320536211,2000,0,0
"JAM","Jamaica",8280.25081831063,2005,0,0
"JAM","Jamaica",8243.28303794757,2010,0,0
"JAM","Jamaica",8112.13529156322,2015,0,0
"JAM","Jamaica",7812.05468215443,2020,0,0
"JAM","Jamaica",7748.75077450951,2024,0,0
"JPN","Japan",9777.98705942524,1975,0.0873836290704398,0.0873836290704398
"JPN","Japan",10124.506006952,1980,0.0996056947955347,0.0996056947955347
"JPN","Japan",10408.4411976231,1985,0.11455667425229,0.11455667425229
"JPN","Japan",10657.337267205,1990,0.122338337770715,0.122338337770715
"JPN","Japan",10435.8869991771,1995,0.128527535046363,0.128527535046363
"JPN","Japan",10285.0382795373,2000,0.135523651732742,0.135523651732742
"JPN","Japan",10302.3942128914,2005,0.142085146048193,0.142085146048193
"JPN","Japan",10421.3589877701,2010,0.146042538656704,0.146042538656704
"JPN","Japan",10411.4536393272,2015,0.150669203971354,0.150669203971354
"JPN","Japan",10360.5915921508,2020,0.148073013851084,0.148073013851084
"JPN","Japan",10231.6717510394,2024,0.150669203971354,0.150669203971354
"JOR","Jordan",7703.41473664657,1975,0,0
"JOR","Jordan",9403.6565747634,1980,0,0
"JOR","Jordan",10673.4525889563,1985,0,0
"JOR","Jordan",12280.3433930733,1990,0,0
"JOR","Jordan",12268.6574306319,1995,0,0
"JOR","Jordan",12732.5518500795,2000,0,0
"JOR","Jordan",13199.8798808211,2005,0,0
"JOR","Jordan",15508.261061712,2010,0,0
"JOR","Jordan",19028.8781792145,2015,0,0
"JOR","Jordan",27931.2518787024,2020,0,0
"JOR","Jordan",28746.8850547275,2024,0,0
"KAZ","Kazakhstan",8482.67442204908,1975,0,0
"KAZ","Kazakhstan",8850.79053505899,1980,0,0
"KAZ","Kazakhstan",8672.68317882696,1985,0,0
"KAZ","Kazakhstan",8484.3714320018,1990,0,0
"KAZ","Kazakhstan",7910.93138425248,1995,0,0
"KAZ","Kazakhstan",8003.86190141169,2000,0,0
"KAZ","Kazakhstan",8378.2827254287,2005,0,0
"KAZ","Kazakhstan",8813.62674256548,2010,0,0
"KAZ","Kazakhstan",10169.0240982624,2015,0.042579022866753,0.042579022866753
"KAZ","Kazakhstan",11710.3964189353,2020,0.0436372862112837,0.0436372862112837
"KAZ","Kazakhstan",12577.4340782159,2024,0.042579022866753,0.042579022866753
"KEN","Kenya",12162.6723824476,1975,0,0
"KEN","Kenya",13075.8126232258,1980,0,0
"KEN","Kenya",14482.8492415361,1985,0,0
"KEN","Kenya",16730.537733109,1990,0,0
"KEN","Kenya",19501.6472133884,1995,0,0
"KEN","Kenya",23847.9895090691,2000,0,0
"KEN","Kenya",28056.381030569,2005,0,0
"KEN","Kenya",33552.1346495953,2010,0,0
"KEN","Kenya",40569.2053352128,2015,0,0
"KEN","Kenya",49300.9755028644,2020,0,0
"KEN","Kenya",57268.0126503068,2024,0,0
"KWT","Kuwait",4604.40934480335,1975,0,0
"KWT","Kuwait",5949.48408349735,1980,0,0
"KWT","Kuwait",7301.75715973297,1985,0,0
"KWT","Kuwait",8521.12820669474,1990,0,0
"KWT","Kuwait",6524.38925928937,1995,0,0
"KWT","Kuwait",7614.25378613021,2000,0,0
"KWT","Kuwait",8999.76843781981,2005,0,0
"KWT","Kuwait",11603.325774838,2010,0,0
"KWT","Kuwait",14920.0487240898,2015,0,0
"KWT","Kuwait",17492.3521790865,2020,0,0
"KWT","Kuwait",17695.6925645011,2024,0,0
"KGZ","Kyrgyzstan",11458.41227218,1975,0,0
"KGZ","Kyrgyzstan",12301.3534433173,1980,0,0
"KGZ","Kyrgyzstan",12909.4172404444,1985,0,0
"KGZ","Kyrgyzstan",13728.4642753338,1990,0,0
"KGZ","Kyrgyzstan",14920.2551072869,1995,0,0
"KGZ","Kyrgyzstan",16255.0790681613,2000,0,0
"KGZ","Kyrgyzstan",17375.1403999135,2005,0,0
"KGZ","Kyrgyzstan",18808.5219321237,2010,0,0
"KGZ","Kyrgyzstan",20884.3605473412,2015,0,0
"KGZ","Kyrgyzstan",23433.8252520492,2020,0,0
"KGZ","Kyrgyzstan",26087.6009744687,2024,0,0
"LVA","Latvia",14912.7354779987,1975,0,0
"LVA","Latvia",15564.5340666543,1980,0,0
"LVA","Latvia",15949.2983249667,1985,0,0
"LVA","Latvia",16072.1001900163,1990,0,0
"LVA","Latvia",14019.7565788208,1995,0,0
"LVA","Latvia",12474.4392086376,2000,0,0
"LVA","Latvia",11346.4364282032,2005,0,0
"LVA","Latvia",10338.8431242106,2010,0,0
"LVA","Latvia",9682.25698903513,2015,0,0
"LVA","Latvia",9197.38044491143,2020,0,0
"LVA","Latvia",8788.67565183086,2024,0,0
"LBN","Lebanon",45547.8374524669,1975,0,0
"LBN","Lebanon",45018.6874781513,1980,0,0
"LBN","Lebanon",39923.1638354246,1985,0,0
"LBN","Lebanon",29136.6918420042,1990,0,0
"LBN","Lebanon",24798.9851944806,1995,0,0
"LBN","Lebanon",26328.10687005,2000,0,0
"LBN","Lebanon",29271.7466999995,2005,0,0
"LBN","Lebanon",30109.7963393517,2010,0,0
"LBN","Lebanon",30775.4014498484,2015,0,0
"LBN","Lebanon",29408.1382467964,2020,0,0
"LBN","Lebanon",26646.9798315542,2024,0,0
"LBR","Liberia",2735.53273167806,1975,0,0
"LBR","Liberia",3475.72537592532,1980,0,0
"LBR","Liberia",5003.80315351458,1985,0,0
"LBR","Liberia",9853.9181958732,1990,0,0
"LBR","Liberia",4307.8861828313,1995,0,0
"LBR","Liberia",7656.22261262949,2000,0,0
"LBR","Liberia",10579.6241621402,2005,0,0
"LBR","Liberia",8816.59931820988,2010,0,0
"LBR","Liberia",10171.740922229,2015,0,0
"LBR","Liberia",11977.5961820811,2020,0,0
"LBR","Liberia",13532.4510473623,2024,0,0
"LBY","Libya",4500.08249166619,1975,0,0
"LBY","Libya",4789.18071038563,1980,0,0
"LBY","Libya",4977.08376684417,1985,0,0
"LBY","Libya",4914.80417977823,1990,0,0
"LBY","Libya",4891.7633444338,1995,0,0
"LBY","Libya",5037.92566943574,2000,0,0
"LBY","Libya",5102.46346297519,2005,0,0
"LBY","Libya",5101.7628162066,2010,0,0
"LBY","Libya",5150.17929301441,2015,0,0
"LBY","Libya",5211.35380808776,2020,0,0
"LBY","Libya",5395.92297032243,2024,0,0
"MDG","Madagascar",22841.4616532075,1975,0,0
"MDG","Madagascar",22511.1357297483,1980,0,0
"MDG","Madagascar",23330.6389396878,1985,0,0
"MDG","Madagascar",25515.2716162906,1990,0,0
"MDG","Madagascar",28069.6638911244,1995,0,0
"MDG","Madagascar",29852.1513124123,2000,0,0
"MDG","Madagascar",30630.0730771616,2005,0,0
"MDG","Madagascar",35720.0024206687,2010,0,0
"MDG","Madagascar",42774.6543899368,2015,0,0
"MDG","Madagascar",53891.0098287952,2020,0,0
"MDG","Madagascar",61858.0692159648,2024,0,0
"MWI","Malawi",9406.71523366708,1975,0,0
"MWI","Malawi",10403.0698646601,1980,0,0
"MWI","Malawi",11486.0117370735,1985,0,0
"MWI","Malawi",12922.1854665743,1990,0,0
"MWI","Malawi",14207.5271598724,1995,0,0
"MWI","Malawi",15230.3965192348,2000,0,0
"MWI","Malawi",15776.6744430295,2005,0,0
"MWI","Malawi",16757.560770481,2010,0,0
"MWI","Malawi",18628.6252194713,2015,0,0
"MWI","Malawi",20562.9227414413,2020,0,0
"MWI","Malawi",23168.144540216,2024,0,0
"MYS","Malaysia",6017.75555440861,1975,0,0
"MYS","Malaysia",6162.66502463212,1980,0,0
"MYS","Malaysia",6606.83072210624,1985,0,0
"MYS","Malaysia",7535.09859684827,1990,0,0
"MYS","Malaysia",7474.09185769272,1995,0,0
"MYS","Malaysia",8520.92578013059,2000,0.0037583029794275,0.0037583029794275
"MYS","Malaysia",9305.35852446567,2005,0.00325037100193239,0.00325037100193239
"MYS","Malaysia",10210.697750794,2010,0.00283617489415903,0.00283617489415903
"MYS","Malaysia",11244.5946762398,2015,0.00956870715639731,0.00956870715639731
"MYS","Malaysia",12508.9773955882,2020,0.00789290062185038,0.00789290062185038
"MYS","Malaysia",13193.3494241694,2024,0.00956870715639731,0.00956870715639731
"MLI","Mali",5823.92241935339,1975,0,0
"MLI","Mali",7027.26345724332,1980,0,0
"MLI","Mali",8025.69661372384,1985,0,0
"MLI","Mali",9162.55669651951,1990,0,0
"MLI","Mali",10086.8753894166,1995,0,0
"MLI","Mali",11526.9255065194,2000,0,0
"MLI","Mali",13666.4908424495,2005,0,0
"MLI","Mali",16033.6784952831,2010,0,0
"MLI","Mali",17991.3002875143,2015,0,0
"MLI","Mali",21451.7204431708,2020,0,0
"MLI","Mali",24840.5458425972,2024,0,0
"MRT","Mauritania",6305.25330630279,1975,0,0
"MRT","Mauritania",9733.59361562733,1980,0,0
"MRT","Mauritania",13376.2810776574,1985,0,0
"MRT","Mauritania",15865.6697235252,1990,0,0
"MRT","Mauritania",14361.2963362161,1995,0,0
"MRT","Mauritania",13569.8978363282,2000,0,0
"MRT","Mauritania",13832.3063585966,2005,0,0
"MRT","Mauritania",14984.6330749666,2010,0,0
"MRT","Mauritania",16927.0092836024,2015,0,0
"MRT","Mauritania",19486.4595322934,2020,0,0
"MRT","Mauritania",22895.8441586202,2024,0,0
"MUS","Mauritius",13283.1327686997,1975,0,0
"MUS","Mauritius",12051.8301660901,1980,0,0
"MUS","Mauritius",10929.9942301816,1985,0,0
"MUS","Mauritius",10043.4406769229,1990,0,0
"MUS","Mauritius",10225.6266922148,1995,0,0
"MUS","Mauritius",10413.4297746087,2000,0,0
"MUS","Mauritius",9908.30276156834,2005,0,0
"MUS","Mauritius",9543.40315433158,2010,0,0
"MUS","Mauritius",9278.08032950601,2015,0.0856517941586532,0.0856517941586532
"MUS","Mauritius",9198.45873255801,2020,0.0217625423171661,0.0217625423171661
"MUS","Mauritius",9094.39016924162,2024,0.0856517941586532,0.0856517941586532
"MEX","Mexico",14711.0591855991,1975,0.0249370206012727,0.0249370206012727
"MEX","Mexico",16463.1100119736,1980,0.0244947171268407,0.0244947171268407
"MEX","Mexico",16385.9185697063,1985,0.0399633840933262,0.0399633840933262
"MEX","Mexico",17337.3588507339,1990,0.0487926206134627,0.0487926206134627
"MEX","Mexico",15728.5501503727,1995,0.0632545817901722,0.0632545817901722
"MEX","Mexico",16175.9866641362,2000,0.0631819946895667,0.0631819946895667
"MEX","Mexico",14427.903187237,2005,0.0673247687044041,0.0673247687044041
"MEX","Mexico",14275.8611006972,2010,0.071211788758565,0.071211788758565
"MEX","Mexico",14520.1644740607,2015,0.114603827613525,0.114603827613525
"MEX","Mexico",13710.0718388125,2020,0.110226271540403,0.110226271540403
"MEX","Mexico",13861.7454498327,2024,0.114603827613525,0.114603827613525
"MNG","Mongolia",3559.82808004895,1975,0,0
"MNG","Mongolia",4088.42739284235,1980,0,0
"MNG","Mongolia",4628.86362410307,1985,0,0
"MNG","Mongolia",5254.23654909328,1990,0,0
"MNG","Mongolia",5757.50072970449,1995,0,0
"MNG","Mongolia",6449.40519832545,2000,0,0
"MNG","Mongolia",7109.84211253029,2005,0,0
"MNG","Mongolia",8347.85223596225,2010,0,0
"MNG","Mongolia",9947.18320434134,2015,0,0
"MNG","Mongolia",11852.7419632644,2020,0,0
"MNG","Mongolia",12803.7941115998,2024,0,0
"MAR","Morocco",37151.1062277903,1975,0,0
"MAR","Morocco",41528.2942888699,1980,0,0
"MAR","Morocco",45809.2024640386,1985,0,0
"MAR","Morocco",50330.5269378978,1990,0,0
"MAR","Morocco",49186.6304072506,1995,0,0
"MAR","Morocco",52733.939881644,2000,0,0
"MAR","Morocco",45611.17485135,2005,0,0
"MAR","Morocco",45416.9879715914,2010,0,0
"MAR","Morocco",46414.4352457714,2015,0.129090777081364,0.129090777081364
"MAR","Morocco",47712.2597688715,2020,0.137120910856746,0.137120910856746
"MAR","Morocco",49619.1390625891,2024,0.129090777081364,0.129090777081364
"MOZ","Mozambique",6092.72332687517,1975,0,0
"MOZ","Mozambique",6805.10675881856,1980,0,0
"MOZ","Mozambique",7604.24625056498,1985,0,0
"MOZ","Mozambique",8563.67881198436,1990,0,0
"MOZ","Mozambique",9642.15376650922,1995,0,0
"MOZ","Mozambique",10349.0755889912,2000,0,0
"MOZ","Mozambique",10467.0242633806,2005,0,0
"MOZ","Mozambique",10745.5173053152,2010,0,0
"MOZ","Mozambique",12014.9098753245,2015,0,0
"MOZ","Mozambique",13200.6759443412,2020,0,0
"MOZ","Mozambique",14832.9167663882,2024,0,0
"MMR","Myanmar (Burma)",19046.0101643398,1975,0,0
"MMR","Myanmar (Burma)",17758.696763096,1980,0,0
"MMR","Myanmar (Burma)",17347.219625861,1985,0,0
"MMR","Myanmar (Burma)",17754.5225196716,1990,0,0
"MMR","Myanmar (Burma)",18238.3860655185,1995,0,0
"MMR","Myanmar (Burma)",19812.7705275446,2000,0,0
"MMR","Myanmar (Burma)",20969.7141138202,2005,0,0
"MMR","Myanmar (Burma)",22389.3097894632,2010,0,0
"MMR","Myanmar (Burma)",24256.5214271901,2015,0,0
"MMR","Myanmar (Burma)",25181.82610444,2020,0,0
"MMR","Myanmar (Burma)",26815.6880038028,2024,0,0
"NPL","Nepal",8134.59928489253,1975,0,0
"NPL","Nepal",8511.9711173397,1980,0,0
"NPL","Nepal",8935.60969685654,1985,0,0
"NPL","Nepal",10050.2849882316,1990,0,0
"NPL","Nepal",11361.1505103415,1995,0,0
"NPL","Nepal",13333.0936325774,2000,0,0
"NPL","Nepal",15464.0566621976,2005,0,0
"NPL","Nepal",19084.8641301149,2010,0,0
"NPL","Nepal",25275.2066472369,2015,0,0
"NPL","Nepal",29986.2260783809,2020,0,0
"NPL","Nepal",33671.9758493454,2024,0,0
"NLD","Netherlands",10650.919632637,1975,0.0319677265009607,0.0319677265009607
"NLD","Netherlands",10006.6278690115,1980,0.0668184474707893,0.0668184474707893
"NLD","Netherlands",9619.48639289706,1985,0.100526157642692,0.100526157642692
"NLD","Netherlands",9615.43476090976,1990,0.0979718997345755,0.0979718997345755
"NLD","Netherlands",9205.96012867877,1995,0.0950236730497751,0.0950236730497751
"NLD","Netherlands",8914.16153448268,2000,0.103853292035438,0.103853292035438
"NLD","Netherlands",8692.92944072597,2005,0.111593900664335,0.111593900664335
"NLD","Netherlands",8660.33355637604,2010,0.143439044941098,0.143439044941098
"NLD","Netherlands",8781.00400042354,2015,0.155671070317708,0.155671070317708
"NLD","Netherlands",9141.00948724905,2020,0.159471900052915,0.159471900052915
"NLD","Netherlands",9401.20238748299,2024,0.155671070317708,0.155671070317708
"NZL","New Zealand",3459.881756545,1975,0,0
"NZL","New Zealand",3499.64539111554,1980,0,0
"NZL","New Zealand",3574.19775155388,1985,0,0
"NZL","New Zealand",3591.40004512669,1990,0,0
"NZL","New Zealand",4123.27783769327,1995,0,0
"NZL","New Zealand",4533.44532983319,2000,0,0
"NZL","New Zealand",4955.97416803353,2005,0,0
"NZL","New Zealand",5262.58802653617,2010,0,0
"NZL","New Zealand",5710.86943540594,2015,0,0
"NZL","New Zealand",6483.45465243145,2020,0,0
"NZL","New Zealand",6833.88265882856,2024,0,0
"NIC","Nicaragua",7313.47464988258,1975,0,0
"NIC","Nicaragua",8041.41850640691,1980,0,0
"NIC","Nicaragua",8801.31530428952,1985,0,0
"NIC","Nicaragua",9714.15736548483,1990,0,0
"NIC","Nicaragua",10687.1510722723,1995,0,0
"NIC","Nicaragua",10897.5107874038,2000,0,0
"NIC","Nicaragua",10810.2320858683,2005,0,0
"NIC","Nicaragua",11199.4129036862,2010,0,0
"NIC","Nicaragua",11203.1359075186,2015,0,0
"NIC","Nicaragua",12030.1352142431,2020,0,0
"NIC","Nicaragua",12551.8161973537,2024,0,0
"NER","Niger",8767.70366649162,1975,0,0
"NER","Niger",9431.1669486548,1980,0,0
"NER","Niger",10758.2988284195,1985,0,0
"NER","Niger",12155.8522445601,1990,0,0
"NER","Niger",12105.6045902957,1995,0,0
"NER","Niger",12948.0282625223,2000,0,0
"NER","Niger",13515.3615410036,2005,0,0
"NER","Niger",14785.576238387,2010,0,0
"NER","Niger",16167.5480748774,2015,0,0
"NER","Niger",16870.6267630097,2020,0,0
"NER","Niger",18328.2413792803,2024,0,0
"NGA","Nigeria",15043.1157204761,1975,0,0
"NGA","Nigeria",14376.5719495666,1980,0,0
"NGA","Nigeria",14399.4468211041,1985,0,0
"NGA","Nigeria",14972.6073606688,1990,0,0
"NGA","Nigeria",16043.3241099777,1995,0,0
"NGA","Nigeria",17516.8713117862,2000,0,0
"NGA","Nigeria",17283.9344927311,2005,0,0
"NGA","Nigeria",17654.9429928929,2010,0,0
"NGA","Nigeria",18598.7654474647,2015,0.00525078040990184,0.00525078040990184
"NGA","Nigeria",19965.5818811835,2020,0.000212876105104538,0.000212876105104538
"NGA","Nigeria",21537.857327138,2024,0.00525078040990184,0.00525078040990184
"PRK","North Korea",25875.2112061765,1975,0.135373197271106,0.135373197271106
"PRK","North Korea",32021.7827105081,1980,0.110612279773135,0.110612279773135
"PRK","North Korea",34338.1090204326,1985,0.104209774237872,0.104209774237872
"PRK","North Korea",36231.9701158277,1990,0.108750704258538,0.108750704258538
"PRK","North Korea",36708.67415004,1995,0.101802635711478,0.101802635711478
"PRK","North Korea",35525.3668523134,2000,0.102217668813213,0.102217668813213
"PRK","North Korea",34456.1405021751,2005,0.102224286858478,0.102224286858478
"PRK","North Korea",33719.9196626696,2010,0.101660450319161,0.101660450319161
"PRK","North Korea",33043.4792644911,2015,0.0982414088693061,0.0982414088693061
"PRK","North Korea",31747.3506433617,2020,0.0992566621946533,0.0992566621946533
"PRK","North Korea",31851.0923648787,2024,0.0982414088693061,0.0982414088693061
"NOR","Norway",7321.26744464507,1975,0.764759010625019,0.764759010625019
"NOR","Norway",6810.4484989421,1980,0.784998761122444,0.784998761122444
"NOR","Norway",6621.68261999675,1985,0.772090853065685,0.772090853065685
"NOR","Norway",6527.08916292643,1990,0.746725359185732,0.746725359185732
"NOR","Norway",6518.52272998656,1995,0.700180203651064,0.700180203651064
"NOR","Norway",6584.08358891568,2000,0.669875616170136,0.669875616170136
"NOR","Norway",6736.55231766857,2005,0.647566639529127,0.647566639529127
"NOR","Norway",7194.90452103695,2010,0.582747092588812,0.582747092588812
"NOR","Norway",7586.07404412778,2015,0.495822691872671,0.495822691872671
"NOR","Norway",7827.40228691788,2020,0.519394083270495,0.519394083270495
"NOR","Norway",8159.21033660741,2024,0.495822691872671,0.495822691872671
"OMN","Oman",4931.6698092335,1975,0,0
"OMN","Oman",4672.0023516254,1980,0,0
"OMN","Oman",4795.40367260397,1985,0,0
"OMN","Oman",5228.13317856827,1990,0,0
"OMN","Oman",6123.83215798963,1995,0,0
"OMN","Oman",6167.98285653731,2000,0,0
"OMN","Oman",5992.97640585046,2005,0,0
"OMN","Oman",6642.71635067846,2010,0,0
"OMN","Oman",9448.18654565624,2015,0,0
"OMN","Oman",10976.6793058205,2020,0,0
"OMN","Oman",11762.0254346708,2024,0,0
"PAK","Pakistan",23073.3079609555,1975,0,0
"PAK","Pakistan",23646.373581092,1980,0,0
"PAK","Pakistan",24435.9512854938,1985,0,0
"PAK","Pakistan",25630.2102918129,1990,0,0
"PAK","Pakistan",26235.9950116729,1995,0,0
"PAK","Pakistan",28272.3660097317,2000,0,0
"PAK","Pakistan",29907.1017331053,2005,0,0
"PAK","Pakistan",31865.761179232,2010,0,0
"PAK","Pakistan",33892.4075451611,2015,0.0119274974701703,0.0119274974701703
"PAK","Pakistan",38268.2077281801,2020,0.0128017725096816,0.0128017725096816
"PAK","Pakistan",41322.7236575691,2024,0.0119274974701703,0.0119274974701703
"PAN","Panama",8828.10846755457,1975,0,0
"PAN","Panama",8763.36870927816,1980,0,0
"PAN","Panama",9095.8907620327,1985,0,0
"PAN","Panama",9820.01706515654,1990,0,0
"PAN","Panama",10536.002736844,1995,0,0
"PAN","Panama",11935.9822985679,2000,0,0
"PAN","Panama",12914.3722595835,2005,0,0
"PAN","Panama",13997.8323882514,2010,0,0
"PAN","Panama",15102.012989907,2015,0.168175995230776,0.168175995230776
"PAN","Panama",16229.6662314666,2020,0.181093961461234,0.181093961461234
"PAN","Panama",17391.2231194217,2024,0.168175995230776,0.168175995230776
"PRY","Paraguay",4943.54651701656,1975,0,0
"PRY","Paraguay",5054.89733416177,1980,0,0
"PRY","Paraguay",5282.24101937642,1985,0,0
"PRY","Paraguay",5631.73583260223,1990,0,0
"PRY","Paraguay",5599.08084050526,1995,0,0
"PRY","Paraguay",5808.10278473578,2000,0,0
"PRY","Paraguay",6054.73862511944,2005,0,0
"PRY","Paraguay",6045.39060713861,2010,0,0
"PRY","Paraguay",5794.51590974436,2015,0,0
"PRY","Paraguay",5213.8575256204,2020,0,0
"PRY","Paraguay",4984.81252437589,2024,0,0
"PER","Peru",10665.0195108103,1975,0.060954680755653,0.060954680755653
"PER","Peru",12469.00073567,1980,0.0509651671119252,0.0509651671119252
"PER","Peru",14012.8642837025,1985,0.0443958245651491,0.0443958245651491
"PER","Peru",15427.0175602677,1990,0.0391125013043613,0.0391125013043613
"PER","Peru",15938.2458140157,1995,0.0349028495458044,0.0349028495458044
"PER","Peru",16347.0158029644,2000,0.0317759857137092,0.0317759857137092
"PER","Peru",16921.7800760581,2005,0.0289821107017151,0.0289821107017151
"PER","Peru",17770.2509475975,2010,0.0265490010897842,0.0265490010897842
"PER","Peru",19083.7356682146,2015,0.0782966699652771,0.0782966699652771
"PER","Peru",20511.7046599873,2020,0.0742812645338568,0.0742812645338568
"PER","Peru",21483.5328379675,2024,0.0782966699652771,0.0782966699652771
"PHL","Philippines",44300.6800957131,1975,0,0
"PHL","Philippines",43816.0511606642,1980,0,0
"PHL","Philippines",43514.0613204214,1985,0,0
"PHL","Philippines",44092.7376189974,1990,0,0
"PHL","Philippines",45652.1939811672,1995,0,0
"PHL","Philippines",45999.9432452155,2000,0,0
"PHL","Philippines",46820.0395055094,2005,0,0
"PHL","Philippines",49072.9957145072,2010,0,0
"PHL","Philippines",51657.9171655034,2015,0,0
"PHL","Philippines",55581.0078703436,2020,0,0
"PHL","Philippines",58397.9831127251,2024,0,0
"POL","Poland",13635.2228273563,1975,0,0
"POL","Poland",13886.447815465,1980,0,0
"POL","Poland",13593.6750253307,1985,0,0
"POL","Poland",13367.7122153774,1990,0,0
"POL","Poland",12658.3999592878,1995,0.037460579344709,0.037460579344709
"POL","Poland",11990.0196519179,2000,0.0439074313344424,0.0439074313344424
"POL","Poland",11285.2330135946,2005,0.0589635275518713,0.0589635275518713
"POL","Poland",10628.1146749094,2010,0.0741626233020133,0.0741626233020133
"POL","Poland",10204.0388176177,2015,0.120810743294417,0.120810743294417
"POL","Poland",9956.63874072675,2020,0.107741787901613,0.107741787901613
"POL","Poland",10169.7006493187,2024,0.120810743294417,0.120810743294417
"PRT","Portugal",15646.1418990017,1975,0.0752448827797516,0.0752448827797516
"PRT","Portugal",17932.846430702,1980,0.0661203664664038,0.0661203664664038
"PRT","Portugal",18306.5722270839,1985,0.0643339980102998,0.0643339980102998
"PRT","Portugal",18331.1984796794,1990,0.075811515477829,0.075811515477829
"PRT","Portugal",18084.3775622682,1995,0.0738638300549065,0.0738638300549065
"PRT","Portugal",18167.624714525,2000,0.104259496741208,0.104259496741208
"PRT","Portugal",18222.6938328356,2005,0.209241263800345,0.209241263800345
"PRT","Portugal",18318.3087207134,2010,0.256476413214865,0.256476413214865
"PRT","Portugal",18544.8176929704,2015,0.267296321394883,0.267296321394883
"PRT","Portugal",19159.6144247234,2020,0.272985995901834,0.272985995901834
"PRT","Portugal",19584.5846172673,2024,0.267296321394883,0.267296321394883
"QAT","Qatar",1960.89501765205,1975,0,0
"QAT","Qatar",2428.92970097362,1980,0,0
"QAT","Qatar",2962.25907336126,1985,0,0
"QAT","Qatar",3194.24099252882,1990,0,0
"QAT","Qatar",3336.45270197365,1995,0,0
"QAT","Qatar",4034.87620430237,2000,0,0
"QAT","Qatar",6096.01279753504,2005,0,0
"QAT","Qatar",11247.8551426822,2010,0,0
"QAT","Qatar",13478.0228607649,2015,0.0990506867471675,0.0990506867471675
"QAT","Qatar",16384.6977045902,2020,0.0929354192434974,0.0929354192434974
"QAT","Qatar",16156.6632789385,2024,0.0990506867471675,0.0990506867471675
"ROU","Romania",19436.4518649228,1975,0,0
"ROU","Romania",20803.4562572443,1980,0.0731517282933266,0.0731517282933266
"ROU","Romania",21381.2633273857,1985,0.199947545229592,0.199947545229592
"ROU","Romania",22067.6729486747,1990,0.319397808354372,0.319397808354372
"ROU","Romania",21142.1056826649,1995,0.338380151627277,0.338380151627277
"ROU","Romania",19880.2983521043,2000,0.359396165908147,0.359396165908147
"ROU","Romania",18963.1102848122,2005,0.365058909252648,0.365058909252648
"ROU","Romania",18264.1412184544,2010,0.37944459421832,0.37944459421832
"ROU","Romania",17470.8228290026,2015,0.443273222898462,0.443273222898462
"ROU","Romania",17337.0399325059,2020,0.446187335482935,0.446187335482935
"ROU","Romania",17370.5978539315,2024,0.443273222898462,0.443273222898462
"RUS","Russia",16439.7146181178,1975,0.0846791988605862,0.0846791988605862
"RUS","Russia",17107.5538537735,1980,0.0945270862362362,0.0945270862362362
"RUS","Russia",17448.4059320979,1985,0.116759784612079,0.116759784612079
"RUS","Russia",17676.2940458969,1990,0.130811899659682,0.130811899659682
"RUS","Russia",16511.0674874032,1995,0.151414481142118,0.151414481142118
"RUS","Russia",16394.7739762532,2000,0.161100747803347,0.161100747803347
"RUS","Russia",16453.527482142,2005,0.170361261181378,0.170361261181378
"RUS","Russia",16801.5125008043,2010,0.177788198027702,0.177788198027702
"RUS","Russia",17310.8850039312,2015,0.204497682633553,0.204497682633553
"RUS","Russia",18090.1690814669,2020,0.19780064323496,0.19780064323496
"RUS","Russia",18211.0845113227,2024,0.204497682633553,0.204497682633553
"RWA","Rwanda",18661.0941512204,1975,0,0
"RWA","Rwanda",12551.7704026835,1980,0,0
"RWA","Rwanda",10647.6690222066,1985,0,0
"RWA","Rwanda",10341.0020465726,1990,0,0
"RWA","Rwanda",8232.75147265664,1995,0,0
"RWA","Rwanda",10786.5604301261,2000,0,0
"RWA","Rwanda",10652.3950787857,2005,0,0
"RWA","Rwanda",10811.4559403697,2010,0,0
"RWA","Rwanda",11768.171392471,2015,0,0
"RWA","Rwanda",13252.6766088454,2020,0,0
"RWA","Rwanda",14597.5362896314,2024,0,0
"SAU","Saudi Arabia",4381.37678806502,1975,0,0
"SAU","Saudi Arabia",5056.42640747414,1980,0,0
"SAU","Saudi Arabia",5874.44224859944,1985,0,0
"SAU","Saudi Arabia",7036.88620931511,1990,0,0
"SAU","Saudi Arabia",7899.11065322844,1995,0,0
"SAU","Saudi Arabia",8598.1497838745,2000,0,0
"SAU","Saudi Arabia",9554.01012885572,2005,0,0
"SAU","Saudi Arabia",11072.3441960808,2010,2.09731159109638e-05,2.09731159109638e-05
"SAU","Saudi Arabia",12192.5585597726,2015,1.5346428887549e-05,1.5346428887549e-05
"SAU","Saudi Arabia",13252.7185676454,2020,1.61217934943666e-05,1.61217934943666e-05
"SAU","Saudi Arabia",13839.2467017883,2024,1.5346428887549e-05,1.5346428887549e-05
"SEN","Senegal",9669.39044270774,1975,0,0
"SEN","Senegal",10638.1684832785,1980,0,0
"SEN","Senegal",11821.5491478627,1985,0,0
"SEN","Senegal",13261.8572341582,1990,0,0
"SEN","Senegal",14772.6013023084,1995,0,0
"SEN","Senegal",16695.6641260864,2000,0,0
"SEN","Senegal",18390.6399400186,2005,0,0
"SEN","Senegal",20373.1998554819,2010,0,0
"SEN","Senegal",22624.2694194214,2015,0,0
"SEN","Senegal",23278.9240367464,2020,0,0
"SEN","Senegal",26159.4357852294,2024,0,0
"SRB","Serbia",14109.9579266883,1975,0,0
"SRB","Serbia",15007.7892513116,1980,0,0
"SRB","Serbia",15088.5041917241,1985,0,0
"SRB","Serbia",15066.359525261,1990,0,0
"SRB","Serbia",14485.461838749,1995,0,0
"SRB","Serbia",14321.5342752466,2000,0,0
"SRB","Serbia",13824.7279556771,2005,0,0
"SRB","Serbia",13326.3355528515,2010,0,0
"SRB","Serbia",13047.5446973558,2015,0,0
"SRB","Serbia",13629.836614214,2020,0,0
"SRB","Serbia",13371.4360356429,2024,0,0
"SLE","Sierra Leone",9644.69816422945,1975,0,0
"SLE","Sierra Leone",11266.1714761436,1980,0,0
"SLE","Sierra Leone",13462.6516478054,1985,0,0
"SLE","Sierra Leone",14849.2575476495,1990,0,0
"SLE","Sierra Leone",15217.1737451655,1995,0,0
"SLE","Sierra Leone",16343.4168740032,2000,0,0
"SLE","Sierra Leone",17104.0678434292,2005,0,0
"SLE","Sierra Leone",18362.1073701928,2010,0,0
"SLE","Sierra Leone",20214.2020943503,2015,0,0
"SLE","Sierra Leone",26779.3165678494,2020,0,0
"SLE","Sierra Leone",30385.3158086865,2024,0,0
"SGP","Singapore",20489.0188416221,1975,0,0
"SGP","Singapore",20900.7120423736,1980,0,0
"SGP","Singapore",22224.0692665894,1985,0,0
"SGP","Singapore",23950.3437443355,1990,0.273416017516016,0.273416017516016
"SGP","Singapore",26715.3150892692,1995,0.23318517297331,0.23318517297331
"SGP","Singapore",29909.2242249523,2000,0.30070479108955,0.30070479108955
"SGP","Singapore",31869.492898731,2005,0.491708247391647,0.491708247391647
"SGP","Singapore",38219.8457841797,2010,0.460457062845711,0.460457062845711
"SGP","Singapore",43509.318175118,2015,0.476965146590157,0.476965146590157
"SGP","Singapore",49887.6551582427,2020,0.472312628693534,0.472312628693534
"SGP","Singapore",59336.7355005966,2024,0.476965146590157,0.476965146590157
"SOM","Somalia",13993.7665449638,1975,0,0
"SOM","Somalia",15347.7693158182,1980,0,0
"SOM","Somalia",17889.6994828438,1985,0,0
"SOM","Somalia",21996.932704705,1990,0,0
"SOM","Somalia",21796.462624745,1995,0,0
"SOM","Somalia",21580.5541647341,2000,0,0
"SOM","Somalia",23472.4672416043,2005,0,0
"SOM","Somalia",25362.7877780643,2010,0,0
"SOM","Somalia",30539.9597647884,2015,0,0
"SOM","Somalia",48541.4737093222,2020,0,0
"SOM","Somalia",57766.6212895887,2024,0,0
"ZAF","South Africa",8950.41383333192,1975,0,0
"ZAF","South Africa",9466.25252782979,1980,0,0
"ZAF","South Africa",9595.43109825724,1985,0,0
"ZAF","South Africa",10260.1975222706,1990,0,0
"ZAF","South Africa",10554.1442846268,1995,0,0
"ZAF","South Africa",11950.203363855,2000,0,0
"ZAF","South Africa",13030.5127757764,2005,0,0
"ZAF","South Africa",14334.2304410811,2010,0,0
"ZAF","South Africa",15897.0894268935,2015,0,0
"ZAF","South Africa",18138.3382661476,2020,0,0
"ZAF","South Africa",19441.241719427,2024,0,0
"KOR","South Korea",26548.5650089512,1975,0.0335949066686029,0.0335949066686029
"KOR","South Korea",28227.1706483673,1980,0.0438261962056532,0.0438261962056532
"KOR","South Korea",29768.7849869361,1985,0.151017232170941,0.151017232170941
"KOR","South Korea",31519.345832886,1990,0.146888452482071,0.146888452482071
"KOR","South Korea",29363.029615814,1995,0.167783581720323,0.167783581720323
"KOR","South Korea",27873.3384773992,2000,0.301979337256889,0.301979337256889
"KOR","South Korea",26839.3955978445,2005,0.3354055472117,0.3354055472117
"KOR","South Korea",26011.1212842635,2010,0.357118506306729,0.357118506306729
"KOR","South Korea",25835.9051636562,2015,0.392664259138325,0.392664259138325
"KOR","South Korea",26004.7277221743,2020,0.385720507932896,0.385720507932896
"KOR","South Korea",25698.083798417,2024,0.392664259138325,0.392664259138325
"SSD","South Sudan",620.335836104758,1975,0,0
"SSD","South Sudan",762.491682942579,1980,0,0
"SSD","South Sudan",1346.9765573864,1985,0,0
"SSD","South Sudan",2525.01087622035,1990,0,0
"SSD","South Sudan",4915.23107732063,1995,0,0
"SSD","South Sudan",10389.5708201879,2000,0,0
"SSD","South Sudan",19199.1718702348,2005,0,0
"SSD","South Sudan",40819.9359601105,2010,0,0
"SSD","South Sudan",74802.8051189596,2015,0,0
"SSD","South Sudan",95539.7528663066,2020,0,0
"SSD","South Sudan",130762.466069302,2024,0,0
"ESP","Spain",20925.6082307787,1975,0.281662846030674,0.281662846030674
"ESP","Spain",21865.2455439819,1980,0.313803481800365,0.313803481800365
"ESP","Spain",21853.6036822697,1985,0.386482612720637,0.386482612720637
"ESP","Spain",21752.4104649179,1990,0.425213032621642,0.425213032621642
"ESP","Spain",20950.0027101557,1995,0.482141532905665,0.482141532905665
"ESP","Spain",20580.497003998,2000,0.521482017854653,0.521482017854653
"ESP","Spain",20991.881739457,2005,0.573830927979793,0.573830927979793
"ESP","Spain",21700.8003932522,2010,0.652566475702179,0.652566475702179
"ESP","Spain",22522.5792372106,2015,0.625840341210585,0.625840341210585
"ESP","Spain",24016.5602532253,2020,0.627493936907174,0.627493936907174
"ESP","Spain",24432.3709121571,2024,0.625840341210585,0.625840341210585
"LKA","Sri Lanka",24666.9427695077,1975,0,0
"LKA","Sri Lanka",19133.9463090061,1980,0,0
"LKA","Sri Lanka",16447.4142289984,1985,0,0
"LKA","Sri Lanka",15173.9003121611,1990,0,0
"LKA","Sri Lanka",14097.3026476178,1995,0,0
"LKA","Sri Lanka",13693.8084002966,2000,0,0
"LKA","Sri Lanka",12866.4442739944,2005,0,0
"LKA","Sri Lanka",12379.7618276297,2010,0,0
"LKA","Sri Lanka",11433.0739971665,2015,0,0
"LKA","Sri Lanka",10876.0390835595,2020,0,0
"LKA","Sri Lanka",10934.5897239452,2024,0,0
"SDN","Sudan",8504.85079751116,1975,0,0
"SDN","Sudan",10038.144375452,1980,0,0
"SDN","Sudan",10976.0130899638,1985,0,0
"SDN","Sudan",11198.3275711273,1990,0,0
"SDN","Sudan",10952.4529883292,1995,0,0
"SDN","Sudan",11529.7016973191,2000,0,0
"SDN","Sudan",12694.0516246345,2005,0,0
"SDN","Sudan",14163.0156919431,2010,0,0
"SDN","Sudan",15274.7461377197,2015,0,0
"SDN","Sudan",16348.5654325701,2020,0,0
"SDN","Sudan",18270.0969663811,2024,0,0
"SWE","Sweden",10266.5227668337,1975,0.538622412109206,0.538622412109206
"SWE","Sweden",9406.48582727503,1980,0.569658236263664,0.569658236263664
"SWE","Sweden",9109.70203043328,1985,0.588566330292773,0.588566330292773
"SWE","Sweden",8959.86645717596,1990,0.578512982384171,0.578512982384171
"SWE","Sweden",9409.43004946011,1995,0.551461541098368,0.551461541098368
"SWE","Sweden",9716.37486230964,2000,0.525413730904128,0.525413730904128
"SWE","Sweden",9863.24967789024,2005,0.508149662045906,0.508149662045906
"SWE","Sweden",10548.7265134353,2010,0.471034937673331,0.471034937673331
"SWE","Sweden",11375.9850100485,2015,0.374237196950318,0.374237196950318
"SWE","Sweden",12564.328626573,2020,0.392434584147296,0.392434584147296
"SWE","Sweden",13152.6436932492,2024,0.374237196950318,0.374237196950318
"CHE","Switzerland",5966.44925357775,1975,0.969551417994871,0.969551417994871
"CHE","Switzerland",5797.18547743989,1980,0.99115182276043,0.99115182276043
"CHE","Switzerland",6732.14573682606,1985,0.842675720038079,0.842675720038079
"CHE","Switzerland",7952.71177156513,1990,0.74852651990808,0.74852651990808
"CHE","Switzerland",8149.79807128631,1995,0.707944390944242,0.707944390944242
"CHE","Switzerland",8303.40199744387,2000,0.677424536687514,0.677424536687514
"CHE","Switzerland",8529.18230671662,2005,0.646991723670598,0.646991723670598
"CHE","Switzerland",8782.12166226146,2010,0.653428991122786,0.653428991122786
"CHE","Switzerland",9080.60726546143,2015,0.606773854252207,0.606773854252207
"CHE","Switzerland",9385.71924756026,2020,0.613686597926618,0.613686597926618
"CHE","Switzerland",9565.00122258076,2024,0.606773854252207,0.606773854252207
"SYR","Syria",13834.4593565359,1975,0,0
"SYR","Syria",16489.3599808288,1980,0,0
"SYR","Syria",18501.853795121,1985,0,0
"SYR","Syria",20547.5219740934,1990,0,0
"SYR","Syria",21260.2838502074,1995,0,0
"SYR","Syria",22608.0530006045,2000,0,0
"SYR","Syria",25351.9760780049,2005,0,0
"SYR","Syria",33881.7789968621,2010,0,0
"SYR","Syria",23037.8959816845,2015,0,0
"SYR","Syria",26366.8989100478,2020,0,0
"SYR","Syria",30576.0003502998,2024,0,0
"TWN","Taiwan",23009.3226824663,1975,0,0
"TWN","Taiwan",23578.2991331793,1980,0,0
"TWN","Taiwan",23970.4089271346,1985,0,0
"TWN","Taiwan",25006.1844199726,1990,0,0
"TWN","Taiwan",24646.7135346405,1995,0,0
"TWN","Taiwan",24955.8431648918,2000,0.0824653525170172,0.0824653525170172
"TWN","Taiwan",25087.4488038587,2005,0.0801337273043487,0.0801337273043487
"TWN","Taiwan",25306.2861573322,2010,0.154407827642634,0.154407827642634
"TWN","Taiwan",25582.6362923067,2015,0.213448116536868,0.213448116536868
"TWN","Taiwan",26347.9487538521,2020,0.20038188648352,0.20038188648352
"TWN","Taiwan",27054.1756617898,2024,0.213448116536868,0.213448116536868
"TJK","Tajikistan",13567.0974561872,1975,0,0
"TJK","Tajikistan",14658.4895829591,1980,0,0
"TJK","Tajikistan",15149.6581134836,1985,0,0
"TJK","Tajikistan",15172.8333337751,1990,0,0
"TJK","Tajikistan",14005.3175417706,1995,0,0
"TJK","Tajikistan",13354.3259469833,2000,0,0
"TJK","Tajikistan",14451.2916420505,2005,0,0
"TJK","Tajikistan",15796.6438579035,2010,0,0
"TJK","Tajikistan",17469.2167720146,2015,0,0
"TJK","Tajikistan",19881.0415236439,2020,0,0
"TJK","Tajikistan",22217.6508952896,2024,0,0
"TZA","Tanzania",4404.68285169002,1975,0,0
"TZA","Tanzania",5083.66062582655,1980,0,0
"TZA","Tanzania",5670.10754527891,1985,0,0
"TZA","Tanzania",6601.75001476556,1990,0,0
"TZA","Tanzania",7412.04850274196,1995,0,0
"TZA","Tanzania",8822.98590691755,2000,0,0
"TZA","Tanzania",10781.3581143806,2005,0,0
"TZA","Tanzania",13789.5384366557,2010,0,0
"TZA","Tanzania",17880.2006798158,2015,0,0
"TZA","Tanzania",22985.3723347437,2020,0,0
"TZA","Tanzania",28020.7022849719,2024,0,0
"THA","Thailand",14758.9562994573,1975,0,0
"THA","Thailand",14031.0296349331,1980,0,0
"THA","Thailand",12810.1570028041,1985,0,0
"THA","Thailand",12380.2135503829,1990,0,0
"THA","Thailand",10380.9097114137,1995,0,0
"THA","Thailand",9891.06990502313,2000,0.0378669381323299,0.0378669381323299
"THA","Thailand",10635.7928213653,2005,0.0454061190058846,0.0454061190058846
"THA","Thailand",11736.792964998,2010,0.0466285396167888,0.0466285396167888
"THA","Thailand",13018.6634752373,2015,0.0782609186678743,0.0782609186678743
"THA","Thailand",15134.6093407395,2020,0.0838814419670946,0.0838814419670946
"THA","Thailand",16293.8887998145,2024,0.0782609186678743,0.0782609186678743
"TGO","Togo",4790.54420828535,1975,0,0
"TGO","Togo",5218.56435347636,1980,0,0
"TGO","Togo",5834.38382638618,1985,0,0
"TGO","Togo",6645.24940102101,1990,0,0
"TGO","Togo",6910.06644366977,1995,0,0
"TGO","Togo",7832.75384808239,2000,0,0
"TGO","Togo",8635.16751544169,2005,0,0
"TGO","Togo",8463.91440847338,2010,0,0
"TGO","Togo",8719.5471234648,2015,0,0
"TGO","Togo",9585.79926139494,2020,0,0
"TGO","Togo",10611.1097346211,2024,0,0
"TUN","Tunisia",7836.72771641281,1975,0,0
"TUN","Tunisia",8881.49108135162,1980,0,0
"TUN","Tunisia",10162.2319754123,1985,0.0762170290681733,0.0762170290681733
"TUN","Tunisia",11841.5790496451,1990,0.198561222929192,0.198561222929192
"TUN","Tunisia",12120.1139021067,1995,0.194541571150232,0.194541571150232
"TUN","Tunisia",11814.9849970609,2000,0.193124474568019,0.193124474568019
"TUN","Tunisia",11415.2611520522,2005,0.181818751770416,0.181818751770416
"TUN","Tunisia",11517.2001355906,2010,0.222962329292177,0.222962329292177
"TUN","Tunisia",11884.8017541315,2015,0.178769472346002,0.178769472346002
"TUN","Tunisia",12932.0855653467,2020,0.188448964239197,0.188448964239197
"TUN","Tunisia",13622.115063415,2024,0.178769472346002,0.178769472346002
"TUR","Turkey",18640.0639241733,1975,0.0442066836961248,0.0442066836961248
"TUR","Turkey",20862.5007917429,1980,0.040511885037396,0.040511885037396
"TUR","Turkey",23853.983267628,1985,0.0341343900987508,0.0341343900987508
"TUR","Turkey",26554.5150180084,1990,0.0407952435251513,0.0407952435251513
"TUR","Turkey",26715.9172149129,1995,0.0525329096236065,0.0525329096236065
"TUR","Turkey",27138.3778875271,2000,0.0732136801966912,0.0732136801966912
"TUR","Turkey",28118.7136383518,2005,0.103889728036089,0.103889728036089
"TUR","Turkey",30141.5720913789,2010,0.150254274761525,0.150254274761525
"TUR","Turkey",32034.5700891468,2015,0.23663637104762,0.23663637104762
"TUR","Turkey",33275.4353902275,2020,0.225608470662387,0.225608470662387
"TUR","Turkey",34087.5295715675,2024,0.23663637104762,0.23663637104762
"TKM","Turkmenistan",6238.10028476162,1975,0,0
"TKM","Turkmenistan",7185.90012615674,1980,0,0
"TKM","Turkmenistan",8350.0146986107,1985,0,0
"TKM","Turkmenistan",9874.6166922645,1990,0,0
"TKM","Turkmenistan",10690.40350093,1995,0,0
"TKM","Turkmenistan",11556.0489183405,2000,0,0
"TKM","Turkmenistan",12258.2632724504,2005,0,0
"TKM","Turkmenistan",13301.8989932299,2010,0,0
"TKM","Turkmenistan",14793.053008751,2015,0,0
"TKM","Turkmenistan",16255.2376670911,2020,0,0
"TKM","Turkmenistan",17633.2124109508,2024,0,0
"UGA","Uganda",7078.51511251808,1975,0,0
"UGA","Uganda",6465.91214060343,1980,0,0
"UGA","Uganda",6491.61333106555,1985,0,0
"UGA","Uganda",6839.27064277861,1990,0,0
"UGA","Uganda",7040.33768561461,1995,0,0
"UGA","Uganda",7719.1753564866,2000,0,0
"UGA","Uganda",8303.64438527644,2005,0,0
"UGA","Uganda",9038.06599071688,2010,0,0
"UGA","Uganda",10035.2222643138,2015,0,0
"UGA","Uganda",11217.8701847474,2020,0,0
"UGA","Uganda",12776.889780631,2024,0,0
"UKR","Ukraine",15264.730373571,1975,0.0464882347976344,0.0464882347976344
"UKR","Ukraine",15870.6530933644,1980,0.0542551259718791,0.0542551259718791
"UKR","Ukraine",16158.0886837802,1985,0.0730159364881491,0.0730159364881491
"UKR","Ukraine",16248.814924798,1990,0.0859053597623832,0.0859053597623832
"UKR","Ukraine",14981.0703554206,1995,0.111539801965792,0.111539801965792
"UKR","Ukraine",14184.8160100696,2000,0.12096970357908,0.12096970357908
"UKR","Ukraine",13691.4385114886,2005,0.131219170334822,0.131219170334822
"UKR","Ukraine",13471.9439055098,2010,0.14001876919813,0.14001876919813
"UKR","Ukraine",13251.3879764415,2015,0.16103305830581,0.16103305830581
"UKR","Ukraine",13099.0760781511,2020,0.147241423277667,0.147241423277667
"UKR","Ukraine",12017.7892653892,2024,0.16103305830581,0.16103305830581
"ARE","United Arab Emirates",2214.7153867191,1975,0,0
"ARE","United Arab Emirates",3747.93690455307,1980,0,0
"ARE","United Arab Emirates",4559.14906534247,1985,0,0
"ARE","United Arab Emirates",5626.30330326207,1990,0,0
"ARE","United Arab Emirates",5742.16875275585,1995,0,0
"ARE","United Arab Emirates",6505.9643735337,2000,0,0
"ARE","United Arab Emirates",8076.71665873366,2005,0,0
"ARE","United Arab Emirates",13357.62234682,2010,0.0489004299237748,0.0489004299237748
"ARE","United Arab Emirates",13158.8073964795,2015,0.0714782710106247,0.0714782710106247
"ARE","United Arab Emirates",13489.9719167416,2020,0.0701541320696695,0.0701541320696695
"ARE","United Arab Emirates",13853.0358754187,2024,0.0714782710106247,0.0714782710106247
"GBR","United Kingdom",9663.73450939731,1975,0.00291543736198615,0.00291543736198615
"GBR","United Kingdom",9178.25525281072,1980,0.00300970620822648,0.00300970620822648
"GBR","United Kingdom",9026.90034893091,1985,0.00303516663963675,0.00303516663963675
"GBR","United Kingdom",8965.68021620022,1990,0.00304441628118257,0.00304441628118257
"GBR","United Kingdom",9052.51529633191,1995,0.00327238048478216,0.00327238048478216
"GBR","United Kingdom",9222.44241710616,2000,0.00389100413830474,0.00389100413830474
"GBR","United Kingdom",9540.4351163019,2005,0.00377270140710593,0.00377270140710593
"GBR","United Kingdom",10176.9749161204,2010,0.00358728311861987,0.00358728311861987
"GBR","United Kingdom",10853.5721925604,2015,0.00627938746781304,0.00627938746781304
"GBR","United Kingdom",11566.3253094457,2020,0.00333145533474696,0.00333145533474696
"GBR","United Kingdom",11930.442465215,2024,0.00627938746781304,0.00627938746781304
"USA","United States",9303.72996336368,1975,0.132113249429924,0.132113249429924
"USA","United States",9048.42189883301,1980,0.128866948016011,0.128866948016011
"USA","United States",9122.31502820883,1985,0.127081946093785,0.127081946093785
"USA","United States",9256.74104989386,1990,0.1267050559469,0.1267050559469
"USA","United States",9516.46745139116,1995,0.123104171852647,0.123104171852647
"USA","United States",9859.47307705151,2000,0.121650410301864,0.121650410301864
"USA","United States",9872.47842908617,2005,0.125629614435636,0.125629614435636
"USA","United States",9959.28776110593,2010,0.125830013409439,0.125830013409439
"USA","United States",10120.3213364027,2015,0.122847745523949,0.122847745523949
"USA","United States",10332.5265506597,2020,0.122524883472961,0.122524883472961
"USA","United States",10417.0604265719,2024,0.122847745523949,0.122847745523949
"URY","Uruguay",14412.4841090734,1975,0,0
"URY","Uruguay",14087.1641407558,1980,0,0
"URY","Uruguay",13919.864294167,1985,0,0
"URY","Uruguay",13704.9042474663,1990,0,0
"URY","Uruguay",13235.2784926288,1995,0,0
"URY","Uruguay",12754.2746242594,2000,0,0
"URY","Uruguay",12329.1158166867,2005,0,0
"URY","Uruguay",12182.7361898162,2010,0,0
"URY","Uruguay",12055.0626011869,2015,0,0
"URY","Uruguay",11686.2979033812,2020,0,0
"URY","Uruguay",11368.9984240644,2024,0,0
"UZB","Uzbekistan",30406.743357872,1975,0,0
"UZB","Uzbekistan",29876.8974251277,1980,0.0169132521803223,0.0169132521803223
"UZB","Uzbekistan",29418.4425478475,1985,0.0215812529104499,0.0215812529104499
"UZB","Uzbekistan",29627.1271366288,1990,0.0224061429813298,0.0224061429813298
"UZB","Uzbekistan",29320.2814124795,1995,0.023616806808617,0.023616806808617
"UZB","Uzbekistan",29081.3191152292,2000,0.0223175902694178,0.0223175902694178
"UZB","Uzbekistan",27493.0433945189,2005,0.025127179408778,0.025127179408778
"UZB","Uzbekistan",26700.2949479799,2010,0.0239545735145279,0.0239545735145279
"UZB","Uzbekistan",26346.194920011,2015,0.0429285907596657,0.0429285907596657
"UZB","Uzbekistan",26028.7082815564,2020,0.0431900134143543,0.0431900134143543
"UZB","Uzbekistan",26015.5234565587,2024,0.0429285907596657,0.0429285907596657
"VAT","Vatican City",3869.19130352303,1975,0,0
"VAT","Vatican City",3901.12482954955,1980,0.499319376619905,0.499319376619905
"VAT","Vatican City",3967.45771821562,1985,0.488319779193527,0.488319779193527
"VAT","Vatican City",4051.45487355679,1990,0.476846461546352,0.476846461546352
"VAT","Vatican City",4015.20102157975,1995,0.481197111105831,0.481197111105831
"VAT","Vatican City",3916.39484031851,2000,0.537652109849777,0.537652109849777
"VAT","Vatican City",3895.15452771241,2005,0.541936477296532,0.541936477296532
"VAT","Vatican City",3900.30489842602,2010,0.544889235779202,0.544889235779202
"VAT","Vatican City",3938.58340175576,2015,0.540242294050805,0.540242294050805
"VAT","Vatican City",4020.74640130249,2020,0.545461803245866,0.545461803245866
"VAT","Vatican City",4047.95694901918,2024,0.540242294050805,0.540242294050805
"VEN","Venezuela",17405.2653000736,1975,0,0
"VEN","Venezuela",18550.5772641651,1980,0,0
"VEN","Venezuela",19190.3884639265,1985,0.0361022691000246,0.0361022691000246
"VEN","Venezuela",19873.5152048065,1990,0.0521913284031394,0.0521913284031394
"VEN","Venezuela",18467.2515268863,1995,0.0572374288004154,0.0572374288004154
"VEN","Venezuela",17918.8810892751,2000,0.0538928652160584,0.0538928652160584
"VEN","Venezuela",17781.8850667308,2005,0.0510252321007056,0.0510252321007056
"VEN","Venezuela",17778.3788997969,2010,0.073506161757675,0.073506161757675
"VEN","Venezuela",17724.5696399188,2015,0.100327625164797,0.100327625164797
"VEN","Venezuela",15457.3978957017,2020,0.103186148151786,0.103186148151786
"VEN","Venezuela",15649.8881004866,2024,0.100327625164797,0.100327625164797
"VNM","Vietnam",34496.6895196833,1975,0,0
"VNM","Vietnam",27122.5269354794,1980,0,0
"VNM","Vietnam",22173.1718407668,1985,0,0
"VNM","Vietnam",20066.6659469307,1990,0,0
"VNM","Vietnam",17320.764702402,1995,0,0
"VNM","Vietnam",17922.6591070724,2000,0,0
"VNM","Vietnam",19034.5315240452,2005,0,0
"VNM","Vietnam",21045.5395794795,2010,0,0
"VNM","Vietnam",23895.3419787657,2015,0.0049784292539149,0.0049784292539149
"VNM","Vietnam",26792.5832103655,2020,0,0
"VNM","Vietnam",29139.5973362895,2024,0.0049784292539149,0.0049784292539149
"YEM","Yemen",24025.9269850177,1975,0,0
"YEM","Yemen",18663.8545828638,1980,0,0
"YEM","Yemen",16393.4973441018,1985,0,0
"YEM","Yemen",17373.0810601217,1990,0,0
"YEM","Yemen",20456.5857272849,1995,0,0
"YEM","Yemen",23514.4939614813,2000,0,0
"YEM","Yemen",27465.0476401569,2005,0,0
"YEM","Yemen",31341.6260125194,2010,0,0
"YEM","Yemen",35882.8627138273,2015,0,0
"YEM","Yemen",42790.4409976688,2020,0,0
"YEM","Yemen",48091.1124851815,2024,0,0
"ZMB","Zambia",10299.0483183387,1975,0,0
"ZMB","Zambia",10115.016437852,1980,0,0
"ZMB","Zambia",9483.24104711986,1985,0,0
"ZMB","Zambia",9198.42094636596,1990,0,0
"ZMB","Zambia",9203.21763472153,1995,0,0
"ZMB","Zambia",9463.27262513748,2000,0,0
"ZMB","Zambia",10606.1083910428,2005,0,0
"ZMB","Zambia",12131.0417717042,2010,0,0
"ZMB","Zambia",14099.9107649262,2015,0,0
"ZMB","Zambia",16994.8141929779,2020,0,0
"ZMB","Zambia",19594.3297746151,2024,0,0
"ZWE","Zimbabwe",6263.09220382703,1975,0,0
"ZWE","Zimbabwe",6384.70915984496,1980,0,0
"ZWE","Zimbabwe",6841.51032481247,1985,0,0
"ZWE","Zimbabwe",7686.82771877055,1990,0,0
"ZWE","Zimbabwe",8026.98700083787,1995,0,0
"ZWE","Zimbabwe",8251.57849618319,2000,0,0
"ZWE","Zimbabwe",8260.62063800024,2005,0,0
"ZWE","Zimbabwe",8243.38948010328,2010,0,0
"ZWE","Zimbabwe",8116.186831607,2015,0,0
"ZWE","Zimbabwe",7130.33230906261,2020,0,0
"ZWE","Zimbabwe",7386.63700525524,2024,0,0
