,Country_Code,Country_Name,longitude,latitude,Year,People_Near_Rapid_Transit,Population_Density
0,ARG,Argentina,17.572861413836904,-23.838863391378624,2000,0.069313748405153,10405.9779661674
1,CHL,Chile,77.46817189407102,-11.544313452187168,2000,0.0714552314801393,13535.7443223448
2,BRA,Brazil,36.99481538579178,70.54620390282099,2000,0.0235193627202282,18718.1426100134
3,NZL,New Zealand,16.157945878882884,55.11491802829542,2000,0.0,4533.44532983319
4,FRA,France,-27.484272237994304,36.699945037265934,2000,0.408060501575795,13513.5615235795
5,CMR,Cameroon,52.5218807039962,-71.95916028378579,2000,0.0,14564.0743682428
6,GBR,United Kingdom,-22.468603945430687,75.50687047404125,2000,0.0038910041383047,9222.44241710616
7,COL,Colombia,141.03828028154874,38.56343391884005,2000,0.0410758143494147,22937.7085262409
8,CIV,Côte d’Ivoire,166.91859378037054,89.79246118221596,2000,0.0,17627.3053020505
9,GHA,Ghana,-41.96105322272004,-63.09930516156113,2000,0.0,7227.7742112711
10,SLE,Sierra Leone,105.02101370975925,66.26269032627857,2000,0.0,16343.4168740032
11,DZA,Algeria,10.402171111045618,-60.75127175825253,2000,0.0,19525.1834907374
12,USA,United States,24.496041993815624,20.800721571091955,2000,0.121650410301864,9859.47307705151
13,NIC,Nicaragua,153.214789785358,-67.71240308710053,2000,0.0,10897.5107874038
14,DOM,Dominican Republic,-154.4270190487607,62.6414812780022,2000,0.0,14559.1768338931
15,MEX,Mexico,-148.63345210744535,55.31741257050192,2000,0.0631819946895667,16175.9866641362
16,NLD,Netherlands,-172.72137692148274,12.438132950626796,2000,0.103853292035438,8914.16153448268
17,TUN,Tunisia,119.74314439725764,-16.70700649932006,2000,0.193124474568019,11814.9849970609
18,ESP,Spain,100.13643034194617,-77.54994081807516,2000,0.521482017854653,20580.497003998
19,VAT,Vatican City,133.20437336885487,35.53717916602146,2000,0.537652109849777,3916.39484031851
20,CHE,Switzerland,172.30260320379506,-8.362317117947612,2000,0.677424536687514,8303.40199744387
21,BEL,Belgium,107.69708311802049,39.97000790466262,2000,0.043955293978699,9896.38542179415
22,ITA,Italy,-13.867429588944532,65.94881866715326,2000,0.126505539631936,22028.7799712856
23,BGR,Bulgaria,100.99050346312396,85.59387090051945,2000,0.126392678817457,11431.4704457083
24,SRB,Serbia,-137.42120668718405,64.04460163066997,2000,0.0,14321.5342752466
25,HRV,Croatia,50.37156767790859,-87.89146484669965,2000,0.0,11150.352800873
26,HUN,Hungary,-128.3928165327433,-25.203948393894507,2000,0.259229402910909,10663.364628103
27,AUT,Austria,160.08081013785022,41.39830123633044,2000,0.600926849873807,11728.9409742349
28,CZE,Czechia,7.86539583002579,-59.10665809294071,2000,0.429079419576026,10097.074181847
29,POL,Poland,-30.721701603411503,3.786589116743272,2000,0.0439074313344424,11990.0196519179
30,AUS,Australia,-84.75997964233429,-80.21916209893435,2000,0.135505408696908,4170.3354769474
31,IDN,Indonesia,98.72412819631802,-54.00062551864799,2000,0.0,15004.8815047451
32,SGP,Singapore,-15.785880402042524,-86.66607699708949,2000,0.30070479108955,29909.2242249523
33,MYS,Malaysia,24.63622159271347,52.8655866043357,2000,0.0037583029794275,8520.92578013059
34,AGO,Angola,-173.23567184291215,-49.69355614913157,2000,0.0,11642.1232147005
35,COD,Congo - Kinshasa,42.348778947315736,-27.83669747455752,2000,0.0,25136.2400599375
36,RWA,Rwanda,40.3544601800717,77.05463282380634,2000,0.0,10786.5604301261
37,KEN,Kenya,42.0962388749125,36.7945923462359,2000,0.0,23847.9895090691
38,PHL,Philippines,159.7493082652647,-84.26899268436459,2000,0.0,45999.9432452155
39,THA,Thailand,65.45530767725404,-60.35505183037571,2000,0.0378669381323299,9891.06990502313
40,ETH,Ethiopia,-50.57715579343704,21.86611226995744,2000,0.0,15911.1835662501
41,OMN,Oman,-22.668496632237066,13.90114594875017,2000,0.0,6167.98285653731
42,ARE,United Arab Emirates,71.14723053381536,-47.179292152588445,2000,0.0,6505.9643735337
43,COG,Congo - Brazzaville,-158.31883021346286,78.15851962646289,2000,0.0,14837.423018661
44,EGY,Egypt,60.03601756044037,20.51387207386128,2000,0.104319125764763,38666.3886406835
45,GRC,Greece,61.42963306253739,6.413904544492496,2000,0.12770375303941,16995.3107191898
46,IND,India,-104.26227801341729,16.18379574382277,2000,0.0053717919861563,35885.3060897027
47,TWN,Taiwan,-133.58653284425282,41.42196531301855,2000,0.0824653525170172,24955.8431648918
48,JOR,Jordan,-66.44579366729381,-33.84990081367167,2000,0.0,12732.5518500795
49,ISR,Israel,-49.06412246065585,-18.320208801103465,2000,0.0,15491.2641402459
50,JPN,Japan,25.270837350436665,-52.22812518447802,2000,0.135523651732742,10285.0382795373
51,CHN,China,-22.10345515356468,-56.48525894153949,2000,0.0258826188059794,41937.806281302
52,TUR,Turkey,175.8145817013214,79.98703019710806,2000,0.0732136801966912,27138.3778875271
53,PRT,Portugal,-143.2638681307099,43.11914310887176,2000,0.104259496741208,18167.624714525
54,CAN,Canada,-104.80436780585951,-1.7174144488379284,2000,0.157273619997869,10161.9381399021
55,DEU,Germany,-121.92857356140136,-49.06536696480182,2000,0.402828552801903,7960.56035063851
56,IRL,Ireland,55.11899716754343,-44.21583328132927,2000,0.0747568390441153,8146.53200082059
57,DNK,Denmark,-88.81502308567843,-79.55475114170238,2000,0.488598092636795,8965.54964490805
58,LVA,Latvia,-12.128121771729724,-11.805007399538257,2000,0.0,12474.4392086376
59,SWE,Sweden,-92.00678687942302,-33.87674124106154,2000,0.525413730904128,9716.37486230964
60,FIN,Finland,-122.7709498876129,35.341827986782704,2000,0.193400229247434,8701.65042448176
61,URY,,-140.26494918085015,-22.004668927353435,2000,0.0,12754.2746242594
62,PRY,,56.278652207498425,-57.67133803926573,2000,0.0,5808.10278473578
63,BOL,,-130.25413751449904,-85.55782888956038,2000,0.0,8970.85612287693
64,GAB,,-109.23034979518074,-77.89506633661526,2000,0.0,5577.55475171936
65,GNQ,,-47.25893856205292,32.29069922974212,2000,0.0,12139.6485507258
66,LBR,,115.55756274525665,-8.334567979911839,2000,0.0,7656.22261262949
67,PER,,-145.04354071449794,6.584257999569999,2000,0.0317759857137092,16347.0158029644
68,ECU,,121.6601666995694,71.40083274726157,2000,0.0527153003046349,13265.0463150733
69,VEN,,-145.4045731581733,88.26101053140678,2000,0.0538928652160584,17918.8810892751
70,CRI,,171.5254074048225,-50.95854280827469,2000,0.0,9421.09695811829
71,PAN,,-11.285567406827424,29.354076558018136,2000,0.0,11935.9822985679
72,TGO,,171.6339917485214,-42.60197218731288,2000,0.0,7832.75384808239
73,NGA,,37.74438710821656,-86.28282009616883,2000,0.0,17516.8713117862
74,BEN,,86.1348885833886,46.50815769050547,2000,0.0,14842.4090453744
75,GIN,,-165.89239478844456,-32.39691285195579,2000,0.0,13882.8975126159
76,GNB,,-78.18949347249256,-20.97649904905836,2000,0.0,9546.83015053635
77,BFA,,-136.7292379632592,15.89708043964903,2000,0.0,5281.75369944537
78,NOR,,-73.38952889202783,59.58872194251427,2000,0.669875616170136,6584.08358891568
79,GMB,,-137.25802117647214,23.216731846406773,2000,0.0,8315.54072548562
80,SEN,,-65.52605541816862,67.07711798053114,2000,0.0,16695.6641260864
81,MLI,,-30.865321974718825,-40.76243373318556,2000,0.0,11526.9255065194
82,NER,,-156.90690131443762,53.64843010426148,2000,0.0,12948.0282625223
83,MRT,,69.28996297320714,-56.5855300249286,2000,0.0,13569.8978363282
84,MAR,,23.976523514367045,81.50249825495001,2000,0.0,52733.939881644
85,SLV,,-84.45978326179966,33.747889749806745,2000,0.0,16254.1330349271
86,HND,,8.369299248011885,-51.20861811955948,2000,0.0,11538.106388412
87,GTM,,-146.18141612696098,80.52670628800635,2000,0.0,13847.9310878019
88,JAM,,27.340738400224552,41.5540452186284,2000,0.0,8319.02320536211
89,HTI,,154.54663112743708,-44.29050433289535,2000,0.0,26774.4801979994
90,CUB,,-65.31517711752348,-51.603844073853246,2000,0.0,25466.8165970328
91,ALB,,60.26773678692541,3.276128507519388,2000,0.0,13810.6313588134
92,ROU,,-132.5527695344188,-85.38071075018432,2000,0.359396165908147,19880.2983521043
93,BLR,,77.87779348268361,-52.65538642060031,2000,0.221246131659095,16262.7505938127
94,ZAF,,-75.8138065390076,-13.556615624728876,2000,0.0,11950.203363855
95,ZWE,,-114.05110967743794,-22.6494035398394,2000,0.0,8251.57849618319
96,ZMB,,31.14465653162995,-6.556423614334079,2000,0.0,9463.27262513748
97,BDI,,-172.76128337250233,-40.026832866948254,2000,0.0,12877.3558814008
98,MDG,,118.41841051825072,15.621182362470378,2000,0.0,29852.1513124123
99,MOZ,,-178.30962857068306,65.49400906618166,2000,0.0,10349.0755889912
100,MUS,,64.01395324664284,-68.84426592683404,2000,0.0,10413.4297746087
101,MWI,,-82.79712965082065,3.128239287740556,2000,0.0,15230.3965192348
102,TZA,,84.66984796413414,-66.2277408578724,2000,0.0,8822.98590691755
103,UGA,,166.38787624227774,39.03474261466687,2000,0.0,7719.1753564866
104,LKA,,-90.44886833281512,-18.709253494687133,2000,0.0,13693.8084002966
105,KHM,,27.416640390421293,11.775836134531616,2000,0.0,26886.5878974417
106,VNM,,33.13509525786205,-57.00962948146585,2000,0.0,17922.6591070724
107,SOM,,26.010686084714425,-63.9274033181921,2000,0.0,21580.5541647341
108,DJI,,-99.6906122493774,-2.1498694831881835,2000,0.0,20260.2953788787
109,YEM,,162.9896441461146,-25.989707187007998,2000,0.0,23514.4939614813
110,SAU,,-19.034863697654146,79.27775014550636,2000,0.0,8598.1497838745
111,QAT,,124.707122089606,47.75854568525375,2000,0.0,4034.87620430237
112,CAF,,71.81253911430156,44.75945157309852,2000,0.0,15893.0823495982
113,SSD,,-72.92269769215189,72.66955315426802,2000,0.0,10389.5708201879
114,TCD,,112.96721509289182,-74.98396162043666,2000,0.0,7719.19874679475
115,SDN,,-37.257933295085536,9.39464458603318,2000,0.0,11529.7016973191
116,LBY,,137.19715096001818,15.205692412038402,2000,0.0,5037.92566943574
117,MMR,,29.25823414890914,83.14854813850121,2000,0.0,19812.7705275446
118,BGD,,137.424730267747,-37.41344517734121,2000,0.0,37347.5793753581
119,NPL,,69.3113724279957,-46.650819615219575,2000,0.0,13333.0936325774
120,BHR,,81.09154073507057,-71.94709039221038,2000,0.0,6081.21122695228
121,KWT,,0.4767774936128148,-87.04266667353464,2000,0.0,7614.25378613021
122,PAK,,164.19010850036062,77.3152770225943,2000,0.0,28272.3660097317
123,IRN,,51.83647172266947,30.58497838636381,2000,0.0115447620359117,39788.8428009505
124,IRQ,,-27.412182519055307,51.3275241641648,2000,0.0,16528.1223941388
125,KOR,,38.30155708605275,-39.28858096428917,2000,0.301979337256889,27873.3384773992
126,PRK,,-173.09044860863992,15.553829913538806,2000,0.102217668813213,35525.3668523134
127,LBN,,-71.43306599716225,-78.48805209822339,2000,0.0,26328.10687005
128,AFG,,57.66247349736662,-2.587032731767877,2000,0.0,17246.7992355928
129,SYR,,-75.57206140424013,85.94912515400043,2000,0.0,22608.0530006045
130,TJK,,42.48555443958296,67.77094415698633,2000,0.0,13354.3259469833
131,TKM,,-25.643267659524184,-29.131388669367787,2000,0.0,11556.0489183405
132,ARM,,-131.22933687991792,83.08262781746973,2000,0.127329230095916,14476.1694054492
133,AZE,,-72.61836265582892,-48.293707235183184,2000,0.181299150725196,12687.6102401694
134,KGZ,,25.187367852455367,80.87738803482267,2000,0.0,16255.0790681613
135,UZB,,32.71419404934235,79.44798684716974,2000,0.0223175902694178,29081.3191152292
136,GEO,,26.757089585848377,53.85646572343052,2000,0.352602673099886,17180.395999123
137,KAZ,,55.1522951485681,23.4806286360224,2000,0.0,8003.86190141169
138,UKR,,54.757177200608,67.37183399249045,2000,0.12096970357908,14184.8160100696
139,MNG,,-24.689363243769375,-37.25634878859659,2000,0.0,6449.40519832545
140,RUS,,142.75677450638267,62.80983995632528,2000,0.161100747803347,16394.7739762532
0,ARG,Argentina,17.572861413836904,-23.838863391378624,2005,0.0684218869797122,10506.2196263494
1,CHL,Chile,77.46817189407102,-11.544313452187168,2005,0.126664108127229,13185.0246454608
2,BRA,Brazil,36.99481538579178,70.54620390282099,2005,0.0243862248239655,19227.3504145825
3,NZL,New Zealand,16.157945878882884,55.11491802829542,2005,0.0,4955.97416803353
4,FRA,France,-27.484272237994304,36.699945037265934,2005,0.419305856178501,13904.5801779391
5,CMR,Cameroon,52.5218807039962,-71.95916028378579,2005,0.0,16863.8615103363
6,GBR,United Kingdom,-22.468603945430687,75.50687047404125,2005,0.0037727014071059,9540.4351163019
7,COL,Colombia,141.03828028154874,38.56343391884005,2005,0.118532718482499,24433.1091199338
8,CIV,Côte d’Ivoire,166.91859378037054,89.79246118221596,2005,0.0,19130.878417288
9,GHA,Ghana,-41.96105322272004,-63.09930516156113,2005,0.0,8431.89682064466
10,SLE,Sierra Leone,105.02101370975925,66.26269032627857,2005,0.0,17104.0678434292
11,DZA,Algeria,10.402171111045618,-60.75127175825253,2005,0.0,17542.7358159215
12,USA,United States,24.496041993815624,20.800721571091955,2005,0.125629614435636,9872.47842908617
13,NIC,Nicaragua,153.214789785358,-67.71240308710053,2005,0.0,10810.2320858683
14,DOM,Dominican Republic,-154.4270190487607,62.6414812780022,2005,0.0,15258.7156868155
15,MEX,Mexico,-148.63345210744535,55.31741257050192,2005,0.0673247687044041,14427.903187237
16,NLD,Netherlands,-172.72137692148274,12.438132950626796,2005,0.111593900664335,8692.92944072597
17,TUN,Tunisia,119.74314439725764,-16.70700649932006,2005,0.181818751770416,11415.2611520522
18,ESP,Spain,100.13643034194617,-77.54994081807516,2005,0.573830927979793,20991.881739457
19,VAT,Vatican City,133.20437336885487,35.53717916602146,2005,0.541936477296532,3895.15452771241
20,CHE,Switzerland,172.30260320379506,-8.362317117947612,2005,0.646991723670598,8529.18230671662
21,BEL,Belgium,107.69708311802049,39.97000790466262,2005,0.0422357492532898,10366.541446865
22,ITA,Italy,-13.867429588944532,65.94881866715326,2005,0.139833231702168,21705.929556743
23,BGR,Bulgaria,100.99050346312396,85.59387090051945,2005,0.129563606092315,11142.5674150356
24,SRB,Serbia,-137.42120668718405,64.04460163066997,2005,0.0,13824.7279556771
25,HRV,Croatia,50.37156767790859,-87.89146484669965,2005,0.0,10766.5285294663
26,HUN,Hungary,-128.3928165327433,-25.203948393894507,2005,0.26433077142493,10391.2061938401
27,AUT,Austria,160.08081013785022,41.39830123633044,2005,0.57309882063842,12105.5850071614
28,CZE,Czechia,7.86539583002579,-59.10665809294071,2005,0.445014847427979,10167.2797983929
29,POL,Poland,-30.721701603411503,3.786589116743272,2005,0.0589635275518713,11285.2330135946
30,AUS,Australia,-84.75997964233429,-80.21916209893435,2005,0.12984135859478,4335.23809070568
31,IDN,Indonesia,98.72412819631802,-54.00062551864799,2005,0.0002598201111031,15225.8398509807
32,SGP,Singapore,-15.785880402042524,-86.66607699708949,2005,0.491708247391647,31869.492898731
33,MYS,Malaysia,24.63622159271347,52.8655866043357,2005,0.0032503710019323,9305.35852446567
34,AGO,Angola,-173.23567184291215,-49.69355614913157,2005,0.0,12593.6229157108
35,COD,Congo - Kinshasa,42.348778947315736,-27.83669747455752,2005,0.0,26656.8772193191
36,RWA,Rwanda,40.3544601800717,77.05463282380634,2005,0.0,10652.3950787857
37,KEN,Kenya,42.0962388749125,36.7945923462359,2005,0.0,28056.381030569
38,PHL,Philippines,159.7493082652647,-84.26899268436459,2005,0.0,46820.0395055094
39,THA,Thailand,65.45530767725404,-60.35505183037571,2005,0.0454061190058846,10635.7928213653
40,ETH,Ethiopia,-50.57715579343704,21.86611226995744,2005,0.0,16924.0588496632
41,OMN,Oman,-22.668496632237066,13.90114594875017,2005,0.0,5992.97640585046
42,ARE,United Arab Emirates,71.14723053381536,-47.179292152588445,2005,0.0,8076.71665873366
43,COG,Congo - Brazzaville,-158.31883021346286,78.15851962646289,2005,0.0,18797.5496411129
44,EGY,Egypt,60.03601756044037,20.51387207386128,2005,0.100149255859569,40467.875894323
45,GRC,Greece,61.42963306253739,6.413904544492496,2005,0.146317791481056,16919.0321573079
46,IND,India,-104.26227801341729,16.18379574382277,2005,0.0105220699027277,36193.1256015404
47,TWN,Taiwan,-133.58653284425282,41.42196531301855,2005,0.0801337273043487,25087.4488038587
48,JOR,Jordan,-66.44579366729381,-33.84990081367167,2005,0.0,13199.8798808211
49,ISR,Israel,-49.06412246065585,-18.320208801103465,2005,0.0,16411.7225493416
50,JPN,Japan,25.270837350436665,-52.22812518447802,2005,0.142085146048193,10302.3942128914
51,CHN,China,-22.10345515356468,-56.48525894153949,2005,0.0363893675832893,41004.6798395578
52,TUR,Turkey,175.8145817013214,79.98703019710806,2005,0.103889728036089,28118.7136383518
53,PRT,Portugal,-143.2638681307099,43.11914310887176,2005,0.209241263800345,18222.6938328356
54,CAN,Canada,-104.80436780585951,-1.7174144488379284,2005,0.157446630552443,10513.4315669978
55,DEU,Germany,-121.92857356140136,-49.06536696480182,2005,0.409311500063586,7841.42607570806
56,IRL,Ireland,55.11899716754343,-44.21583328132927,2005,0.0817322582711715,8221.32698343771
57,DNK,Denmark,-88.81502308567843,-79.55475114170238,2005,0.634537416971056,9586.96008359594
58,LVA,Latvia,-12.128121771729724,-11.805007399538257,2005,0.0,11346.4364282032
59,SWE,Sweden,-92.00678687942302,-33.87674124106154,2005,0.508149662045906,9863.24967789024
60,FIN,Finland,-122.7709498876129,35.341827986782704,2005,0.189657127474535,8534.84695397246
61,URY,,-140.26494918085015,-22.004668927353435,2005,0.0,12329.1158166867
62,PRY,,56.278652207498425,-57.67133803926573,2005,0.0,6054.73862511944
63,BOL,,-130.25413751449904,-85.55782888956038,2005,0.0,9053.14298839913
64,GAB,,-109.23034979518074,-77.89506633661526,2005,0.0,5887.08817769179
65,GNQ,,-47.25893856205292,32.29069922974212,2005,0.0,10766.5983996
66,LBR,,115.55756274525665,-8.334567979911839,2005,0.0,10579.6241621402
67,PER,,-145.04354071449794,6.584257999569999,2005,0.0289821107017151,16921.7800760581
68,ECU,,121.6601666995694,71.40083274726157,2005,0.0906261649737786,13482.5961960105
69,VEN,,-145.4045731581733,88.26101053140678,2005,0.0510252321007056,17781.8850667308
70,CRI,,171.5254074048225,-50.95854280827469,2005,0.0,9556.20979306524
71,PAN,,-11.285567406827424,29.354076558018136,2005,0.0,12914.3722595835
72,TGO,,171.6339917485214,-42.60197218731288,2005,0.0,8635.16751544169
73,NGA,,37.74438710821656,-86.28282009616883,2005,0.0,17283.9344927311
74,BEN,,86.1348885833886,46.50815769050547,2005,0.0,14035.0455544806
75,GIN,,-165.89239478844456,-32.39691285195579,2005,0.0,15301.5225909103
76,GNB,,-78.18949347249256,-20.97649904905836,2005,0.0,10248.9454416145
77,BFA,,-136.7292379632592,15.89708043964903,2005,0.0,6256.43462062548
78,NOR,,-73.38952889202783,59.58872194251427,2005,0.647566639529127,6736.55231766857
79,GMB,,-137.25802117647214,23.216731846406773,2005,0.0,9083.16519305601
80,SEN,,-65.52605541816862,67.07711798053114,2005,0.0,18390.6399400186
81,MLI,,-30.865321974718825,-40.76243373318556,2005,0.0,13666.4908424495
82,NER,,-156.90690131443762,53.64843010426148,2005,0.0,13515.3615410036
83,MRT,,69.28996297320714,-56.5855300249286,2005,0.0,13832.3063585966
84,MAR,,23.976523514367045,81.50249825495001,2005,0.0,45611.17485135
85,SLV,,-84.45978326179966,33.747889749806745,2005,0.0,16070.9745222823
86,HND,,8.369299248011885,-51.20861811955948,2005,0.0,12417.6778227629
87,GTM,,-146.18141612696098,80.52670628800635,2005,0.0,15347.8586243209
88,JAM,,27.340738400224552,41.5540452186284,2005,0.0,8280.25081831063
89,HTI,,154.54663112743708,-44.29050433289535,2005,0.0,29020.2704613502
90,CUB,,-65.31517711752348,-51.603844073853246,2005,0.0,24952.2077761484
91,ALB,,60.26773678692541,3.276128507519388,2005,0.0,14286.2454883159
92,ROU,,-132.5527695344188,-85.38071075018432,2005,0.365058909252648,18963.1102848122
93,BLR,,77.87779348268361,-52.65538642060031,2005,0.232239689232237,16344.3415873888
94,ZAF,,-75.8138065390076,-13.556615624728876,2005,0.0,13030.5127757764
95,ZWE,,-114.05110967743794,-22.6494035398394,2005,0.0,8260.62063800024
96,ZMB,,31.14465653162995,-6.556423614334079,2005,0.0,10606.1083910428
97,BDI,,-172.76128337250233,-40.026832866948254,2005,0.0,14677.4598384006
98,MDG,,118.41841051825072,15.621182362470378,2005,0.0,30630.0730771616
99,MOZ,,-178.30962857068306,65.49400906618166,2005,0.0,10467.0242633806
100,MUS,,64.01395324664284,-68.84426592683404,2005,0.0,9908.30276156834
101,MWI,,-82.79712965082065,3.128239287740556,2005,0.0,15776.6744430295
102,TZA,,84.66984796413414,-66.2277408578724,2005,0.0,10781.3581143806
103,UGA,,166.38787624227774,39.03474261466687,2005,0.0,8303.64438527644
104,LKA,,-90.44886833281512,-18.709253494687133,2005,0.0,12866.4442739944
105,KHM,,27.416640390421293,11.775836134531616,2005,0.0,23737.5710775027
106,VNM,,33.13509525786205,-57.00962948146585,2005,0.0,19034.5315240452
107,SOM,,26.010686084714425,-63.9274033181921,2005,0.0,23472.4672416043
108,DJI,,-99.6906122493774,-2.1498694831881835,2005,0.0,20567.8898774179
109,YEM,,162.9896441461146,-25.989707187007998,2005,0.0,27465.0476401569
110,SAU,,-19.034863697654146,79.27775014550636,2005,0.0,9554.01012885572
111,QAT,,124.707122089606,47.75854568525375,2005,0.0,6096.01279753504
112,CAF,,71.81253911430156,44.75945157309852,2005,0.0,17669.6265826554
113,SSD,,-72.92269769215189,72.66955315426802,2005,0.0,19199.1718702348
114,TCD,,112.96721509289182,-74.98396162043666,2005,0.0,8630.44518284068
115,SDN,,-37.257933295085536,9.39464458603318,2005,0.0,12694.0516246345
116,LBY,,137.19715096001818,15.205692412038402,2005,0.0,5102.46346297519
117,MMR,,29.25823414890914,83.14854813850121,2005,0.0,20969.7141138202
118,BGD,,137.424730267747,-37.41344517734121,2005,0.0,38886.3272796547
119,NPL,,69.3113724279957,-46.650819615219575,2005,0.0,15464.0566621976
120,BHR,,81.09154073507057,-71.94709039221038,2005,0.0,7715.75592232438
121,KWT,,0.4767774936128148,-87.04266667353464,2005,0.0,8999.76843781981
122,PAK,,164.19010850036062,77.3152770225943,2005,0.0,29907.1017331053
123,IRN,,51.83647172266947,30.58497838636381,2005,0.0242881030898188,42081.433054962
124,IRQ,,-27.412182519055307,51.3275241641648,2005,0.0,16940.6287434213
125,KOR,,38.30155708605275,-39.28858096428917,2005,0.3354055472117,26839.3955978445
126,PRK,,-173.09044860863992,15.553829913538806,2005,0.102224286858478,34456.1405021751
127,LBN,,-71.43306599716225,-78.48805209822339,2005,0.0,29271.7466999995
128,AFG,,57.66247349736662,-2.587032731767877,2005,0.0,20028.4357709816
129,SYR,,-75.57206140424013,85.94912515400043,2005,0.0,25351.9760780049
130,TJK,,42.48555443958296,67.77094415698633,2005,0.0,14451.2916420505
131,TKM,,-25.643267659524184,-29.131388669367787,2005,0.0,12258.2632724504
132,ARM,,-131.22933687991792,83.08262781746973,2005,0.131165020591852,13480.8996884591
133,AZE,,-72.61836265582892,-48.293707235183184,2005,0.189938212513996,12019.2368439573
134,KGZ,,25.187367852455367,80.87738803482267,2005,0.0,17375.1403999135
135,UZB,,32.71419404934235,79.44798684716974,2005,0.025127179408778,27493.0433945189
136,GEO,,26.757089585848377,53.85646572343052,2005,0.35166660866844,16934.7118679362
137,KAZ,,55.1522951485681,23.4806286360224,2005,0.0,8378.2827254287
138,UKR,,54.757177200608,67.37183399249045,2005,0.131219170334822,13691.4385114886
139,MNG,,-24.689363243769375,-37.25634878859659,2005,0.0,7109.84211253029
140,RUS,,142.75677450638267,62.80983995632528,2005,0.170361261181378,16453.527482142
0,ARG,Argentina,17.572861413836904,-23.838863391378624,2010,0.0692921883994881,10710.7227644426
1,CHL,Chile,77.46817189407102,-11.544313452187168,2010,0.151989554283126,13409.8297164799
2,BRA,Brazil,36.99481538579178,70.54620390282099,2010,0.0287963741020491,19898.4410323957
3,NZL,New Zealand,16.157945878882884,55.11491802829542,2010,0.0,5262.58802653617
4,FRA,France,-27.484272237994304,36.699945037265934,2010,0.446076114076138,14328.6398171858
5,CMR,Cameroon,52.5218807039962,-71.95916028378579,2010,0.0,19717.429714368
6,GBR,United Kingdom,-22.468603945430687,75.50687047404125,2010,0.0035872831186198,10176.9749161204
7,COL,Colombia,141.03828028154874,38.56343391884005,2010,0.201811199387565,26020.6737501014
8,CIV,Côte d’Ivoire,166.91859378037054,89.79246118221596,2010,0.0,20851.6808253735
9,GHA,Ghana,-41.96105322272004,-63.09930516156113,2010,0.0,10113.7753756128
10,SLE,Sierra Leone,105.02101370975925,66.26269032627857,2010,0.0,18362.1073701928
11,DZA,Algeria,10.402171111045618,-60.75127175825253,2010,0.0,16663.1728556899
12,USA,United States,24.496041993815624,20.800721571091955,2010,0.125830013409439,9959.28776110593
13,NIC,Nicaragua,153.214789785358,-67.71240308710053,2010,0.0,11199.4129036862
14,DOM,Dominican Republic,-154.4270190487607,62.6414812780022,2010,0.0381630605583253,15829.1575975359
15,MEX,Mexico,-148.63345210744535,55.31741257050192,2010,0.071211788758565,14275.8611006972
16,NLD,Netherlands,-172.72137692148274,12.438132950626796,2010,0.143439044941098,8660.33355637604
17,TUN,Tunisia,119.74314439725764,-16.70700649932006,2010,0.222962329292177,11517.2001355906
18,ESP,Spain,100.13643034194617,-77.54994081807516,2010,0.652566475702179,21700.8003932522
19,VAT,Vatican City,133.20437336885487,35.53717916602146,2010,0.544889235779202,3900.30489842602
20,CHE,Switzerland,172.30260320379506,-8.362317117947612,2010,0.653428991122786,8782.12166226146
21,BEL,Belgium,107.69708311802049,39.97000790466262,2010,0.040539157933144,10897.4570437234
22,ITA,Italy,-13.867429588944532,65.94881866715326,2010,0.170822400866752,21529.9924547969
23,BGR,Bulgaria,100.99050346312396,85.59387090051945,2010,0.199396802085982,11023.1861803719
24,SRB,Serbia,-137.42120668718405,64.04460163066997,2010,0.0,13326.3355528515
25,HRV,Croatia,50.37156767790859,-87.89146484669965,2010,0.0,10471.4732652665
26,HUN,Hungary,-128.3928165327433,-25.203948393894507,2010,0.268206440252944,10191.0814544932
27,AUT,Austria,160.08081013785022,41.39830123633044,2010,0.606718807707912,12428.6906960892
28,CZE,Czechia,7.86539583002579,-59.10665809294071,2010,0.446529746821086,10352.7547316236
29,POL,Poland,-30.721701603411503,3.786589116743272,2010,0.0741626233020133,10628.1146749094
30,AUS,Australia,-84.75997964233429,-80.21916209893435,2010,0.121584468812946,4799.85798093169
31,IDN,Indonesia,98.72412819631802,-54.00062551864799,2010,0.0166730292768375,15568.4999441612
32,SGP,Singapore,-15.785880402042524,-86.66607699708949,2010,0.460457062845711,38219.8457841797
33,MYS,Malaysia,24.63622159271347,52.8655866043357,2010,0.002836174894159,10210.697750794
34,AGO,Angola,-173.23567184291215,-49.69355614913157,2010,0.0,13586.4727194053
35,COD,Congo - Kinshasa,42.348778947315736,-27.83669747455752,2010,0.0,29380.9505325165
36,RWA,Rwanda,40.3544601800717,77.05463282380634,2010,0.0,10811.4559403697
37,KEN,Kenya,42.0962388749125,36.7945923462359,2010,0.0,33552.1346495953
38,PHL,Philippines,159.7493082652647,-84.26899268436459,2010,0.0,49072.9957145072
39,THA,Thailand,65.45530767725404,-60.35505183037571,2010,0.0466285396167888,11736.792964998
40,ETH,Ethiopia,-50.57715579343704,21.86611226995744,2010,0.0,19563.035121618
41,OMN,Oman,-22.668496632237066,13.90114594875017,2010,0.0,6642.71635067846
42,ARE,United Arab Emirates,71.14723053381536,-47.179292152588445,2010,0.0489004299237748,13357.62234682
43,COG,Congo - Brazzaville,-158.31883021346286,78.15851962646289,2010,0.0,24796.9539328512
44,EGY,Egypt,60.03601756044037,20.51387207386128,2010,0.0901001487235154,43041.5684715234
45,GRC,Greece,61.42963306253739,6.413904544492496,2010,0.170002125375686,16802.6686716443
46,IND,India,-104.26227801341729,16.18379574382277,2010,0.0153300335310841,36860.4033307642
47,TWN,Taiwan,-133.58653284425282,41.42196531301855,2010,0.154407827642634,25306.2861573322
48,JOR,Jordan,-66.44579366729381,-33.84990081367167,2010,0.0,15508.261061712
49,ISR,Israel,-49.06412246065585,-18.320208801103465,2010,0.0,17412.8617663774
50,JPN,Japan,25.270837350436665,-52.22812518447802,2010,0.146042538656704,10421.3589877701
51,CHN,China,-22.10345515356468,-56.48525894153949,2010,0.0642527191017069,41112.6729495523
52,TUR,Turkey,175.8145817013214,79.98703019710806,2010,0.150254274761525,30141.5720913789
53,PRT,Portugal,-143.2638681307099,43.11914310887176,2010,0.256476413214865,18318.3087207134
54,CAN,Canada,-104.80436780585951,-1.7174144488379284,2010,0.160095058375118,10956.2246001798
55,DEU,Germany,-121.92857356140136,-49.06536696480182,2010,0.410073334157419,7846.48684020997
56,IRL,Ireland,55.11899716754343,-44.21583328132927,2010,0.0855183679418642,8615.25692545503
57,DNK,Denmark,-88.81502308567843,-79.55475114170238,2010,0.618832647502009,10451.0135355801
58,LVA,Latvia,-12.128121771729724,-11.805007399538257,2010,0.0,10338.8431242106
59,SWE,Sweden,-92.00678687942302,-33.87674124106154,2010,0.471034937673331,10548.7265134353
60,FIN,Finland,-122.7709498876129,35.341827986782704,2010,0.184380512898157,8496.9686896529
61,URY,,-140.26494918085015,-22.004668927353435,2010,0.0,12182.7361898162
62,PRY,,56.278652207498425,-57.67133803926573,2010,0.0,6045.39060713861
63,BOL,,-130.25413751449904,-85.55782888956038,2010,0.0,9098.95612064064
64,GAB,,-109.23034979518074,-77.89506633661526,2010,0.0,6354.74971779464
65,GNQ,,-47.25893856205292,32.29069922974212,2010,0.0,10357.5558174082
66,LBR,,115.55756274525665,-8.334567979911839,2010,0.0,8816.59931820988
67,PER,,-145.04354071449794,6.584257999569999,2010,0.0265490010897842,17770.2509475975
68,ECU,,121.6601666995694,71.40083274726157,2010,0.133569631332045,13967.2818836511
69,VEN,,-145.4045731581733,88.26101053140678,2010,0.073506161757675,17778.3788997969
70,CRI,,171.5254074048225,-50.95854280827469,2010,0.0,9725.26609486063
71,PAN,,-11.285567406827424,29.354076558018136,2010,0.0,13997.8323882514
72,TGO,,171.6339917485214,-42.60197218731288,2010,0.0,8463.91440847338
73,NGA,,37.74438710821656,-86.28282009616883,2010,0.0,17654.9429928929
74,BEN,,86.1348885833886,46.50815769050547,2010,0.0,12996.9619440568
75,GIN,,-165.89239478844456,-32.39691285195579,2010,0.0,16940.5338084825
76,GNB,,-78.18949347249256,-20.97649904905836,2010,0.0,11253.2152617321
77,BFA,,-136.7292379632592,15.89708043964903,2010,0.0,7310.14074991152
78,NOR,,-73.38952889202783,59.58872194251427,2010,0.582747092588812,7194.90452103695
79,GMB,,-137.25802117647214,23.216731846406773,2010,0.0,9583.00963570933
80,SEN,,-65.52605541816862,67.07711798053114,2010,0.0,20373.1998554819
81,MLI,,-30.865321974718825,-40.76243373318556,2010,0.0,16033.6784952831
82,NER,,-156.90690131443762,53.64843010426148,2010,0.0,14785.576238387
83,MRT,,69.28996297320714,-56.5855300249286,2010,0.0,14984.6330749666
84,MAR,,23.976523514367045,81.50249825495001,2010,0.0,45416.9879715914
85,SLV,,-84.45978326179966,33.747889749806745,2010,0.0,15906.5723828463
86,HND,,8.369299248011885,-51.20861811955948,2010,0.0,13292.380104743
87,GTM,,-146.18141612696098,80.52670628800635,2010,0.0082018323565132,16370.1521371485
88,JAM,,27.340738400224552,41.5540452186284,2010,0.0,8243.28303794757
89,HTI,,154.54663112743708,-44.29050433289535,2010,0.0,23476.1445986752
90,CUB,,-65.31517711752348,-51.603844073853246,2010,0.0,24113.288147303
91,ALB,,60.26773678692541,3.276128507519388,2010,0.0,15094.3974713038
92,ROU,,-132.5527695344188,-85.38071075018432,2010,0.37944459421832,18264.1412184544
93,BLR,,77.87779348268361,-52.65538642060031,2010,0.240820526376787,16606.3826946528
94,ZAF,,-75.8138065390076,-13.556615624728876,2010,0.0,14334.2304410811
95,ZWE,,-114.05110967743794,-22.6494035398394,2010,0.0,8243.38948010328
96,ZMB,,31.14465653162995,-6.556423614334079,2010,0.0,12131.0417717042
97,BDI,,-172.76128337250233,-40.026832866948254,2010,0.0,18537.4013839543
98,MDG,,118.41841051825072,15.621182362470378,2010,0.0,35720.0024206687
99,MOZ,,-178.30962857068306,65.49400906618166,2010,0.0,10745.5173053152
100,MUS,,64.01395324664284,-68.84426592683404,2010,0.0,9543.40315433158
101,MWI,,-82.79712965082065,3.128239287740556,2010,0.0,16757.560770481
102,TZA,,84.66984796413414,-66.2277408578724,2010,0.0,13789.5384366557
103,UGA,,166.38787624227774,39.03474261466687,2010,0.0,9038.06599071688
104,LKA,,-90.44886833281512,-18.709253494687133,2010,0.0,12379.7618276297
105,KHM,,27.416640390421293,11.775836134531616,2010,0.0,21875.9217093145
106,VNM,,33.13509525786205,-57.00962948146585,2010,0.0,21045.5395794795
107,SOM,,26.010686084714425,-63.9274033181921,2010,0.0,25362.7877780643
108,DJI,,-99.6906122493774,-2.1498694831881835,2010,0.0,21230.6114890892
109,YEM,,162.9896441461146,-25.989707187007998,2010,0.0,31341.6260125194
110,SAU,,-19.034863697654146,79.27775014550636,2010,2.09731159109638e-05,11072.3441960808
111,QAT,,124.707122089606,47.75854568525375,2010,0.0,11247.8551426822
112,CAF,,71.81253911430156,44.75945157309852,2010,0.0,19988.2301758388
113,SSD,,-72.92269769215189,72.66955315426802,2010,0.0,40819.9359601105
114,TCD,,112.96721509289182,-74.98396162043666,2010,0.0,9726.86313517958
115,SDN,,-37.257933295085536,9.39464458603318,2010,0.0,14163.0156919431
116,LBY,,137.19715096001818,15.205692412038402,2010,0.0,5101.7628162066
117,MMR,,29.25823414890914,83.14854813850121,2010,0.0,22389.3097894632
118,BGD,,137.424730267747,-37.41344517734121,2010,0.0,41022.5083351244
119,NPL,,69.3113724279957,-46.650819615219575,2010,0.0,19084.8641301149
120,BHR,,81.09154073507057,-71.94709039221038,2010,0.0,10175.552986197
121,KWT,,0.4767774936128148,-87.04266667353464,2010,0.0,11603.325774838
122,PAK,,164.19010850036062,77.3152770225943,2010,0.0,31865.761179232
123,IRN,,51.83647172266947,30.58497838636381,2010,0.0428615532467984,47625.3895322504
124,IRQ,,-27.412182519055307,51.3275241641648,2010,0.0,17037.5567626908
125,KOR,,38.30155708605275,-39.28858096428917,2010,0.357118506306729,26011.1212842635
126,PRK,,-173.09044860863992,15.553829913538806,2010,0.101660450319161,33719.9196626696
127,LBN,,-71.43306599716225,-78.48805209822339,2010,0.0,30109.7963393517
128,AFG,,57.66247349736662,-2.587032731767877,2010,0.0,22262.1841984873
129,SYR,,-75.57206140424013,85.94912515400043,2010,0.0,33881.7789968621
130,TJK,,42.48555443958296,67.77094415698633,2010,0.0,15796.6438579035
131,TKM,,-25.643267659524184,-29.131388669367787,2010,0.0,13301.8989932299
132,ARM,,-131.22933687991792,83.08262781746973,2010,0.134781480143253,12656.305535815
133,AZE,,-72.61836265582892,-48.293707235183184,2010,0.174655121156057,12277.8598315644
134,KGZ,,25.187367852455367,80.87738803482267,2010,0.0,18808.5219321237
135,UZB,,32.71419404934235,79.44798684716974,2010,0.0239545735145279,26700.2949479799
136,GEO,,26.757089585848377,53.85646572343052,2010,0.339496259708685,17295.8218276497
137,KAZ,,55.1522951485681,23.4806286360224,2010,0.0,8813.62674256548
138,UKR,,54.757177200608,67.37183399249045,2010,0.14001876919813,13471.9439055098
139,MNG,,-24.689363243769375,-37.25634878859659,2010,0.0,8347.85223596225
140,RUS,,142.75677450638267,62.80983995632528,2010,0.177788198027702,16801.5125008043
0,ARG,Argentina,17.572861413836904,-23.838863391378624,2015,0.0876048088525019,10736.3875906842
1,CHL,Chile,77.46817189407102,-11.544313452187168,2015,0.195809390567026,14081.6551099246
2,BRA,Brazil,36.99481538579178,70.54620390282099,2015,0.0456192976087277,20639.784738455
3,NZL,New Zealand,16.157945878882884,55.11491802829542,2015,0.0,5710.86943540594
4,FRA,France,-27.484272237994304,36.699945037265934,2015,0.490431769180681,14636.7689404856
5,CMR,Cameroon,52.5218807039962,-71.95916028378579,2015,0.0,23710.1122932495
6,GBR,United Kingdom,-22.468603945430687,75.50687047404125,2015,0.006279387467813,10853.5721925604
7,COL,Colombia,141.03828028154874,38.56343391884005,2015,0.214879923551284,28035.3374245952
8,CIV,Côte d’Ivoire,166.91859378037054,89.79246118221596,2015,0.0,22853.0539566212
9,GHA,Ghana,-41.96105322272004,-63.09930516156113,2015,0.0,11940.9582216348
10,SLE,Sierra Leone,105.02101370975925,66.26269032627857,2015,0.0,20214.2020943503
11,DZA,Algeria,10.402171111045618,-60.75127175825253,2015,0.169336542790723,17291.0425765498
12,USA,United States,24.496041993815624,20.800721571091955,2015,0.122847745523949,10120.3213364027
13,NIC,Nicaragua,153.214789785358,-67.71240308710053,2015,0.0,11203.1359075186
14,DOM,Dominican Republic,-154.4270190487607,62.6414812780022,2015,0.0756608044116222,16460.0574460268
15,MEX,Mexico,-148.63345210744535,55.31741257050192,2015,0.114603827613525,14520.1644740607
16,NLD,Netherlands,-172.72137692148274,12.438132950626796,2015,0.155671070317708,8781.00400042354
17,TUN,Tunisia,119.74314439725764,-16.70700649932006,2015,0.178769472346002,11884.8017541315
18,ESP,Spain,100.13643034194617,-77.54994081807516,2015,0.625840341210585,22522.5792372106
19,VAT,Vatican City,133.20437336885487,35.53717916602146,2015,0.540242294050805,3938.58340175576
20,CHE,Switzerland,172.30260320379506,-8.362317117947612,2015,0.606773854252207,9080.60726546143
21,BEL,Belgium,107.69708311802049,39.97000790466262,2015,0.0425752999742333,11488.6314644326
22,ITA,Italy,-13.867429588944532,65.94881866715326,2015,0.224872792361121,21503.7378477658
23,BGR,Bulgaria,100.99050346312396,85.59387090051945,2015,0.433415773190961,10964.4832701406
24,SRB,Serbia,-137.42120668718405,64.04460163066997,2015,0.0,13047.5446973558
25,HRV,Croatia,50.37156767790859,-87.89146484669965,2015,0.0,10160.9617727412
26,HUN,Hungary,-128.3928165327433,-25.203948393894507,2015,0.274572514915826,10195.3041498634
27,AUT,Austria,160.08081013785022,41.39830123633044,2015,0.545781287755416,12937.949345704
28,CZE,Czechia,7.86539583002579,-59.10665809294071,2015,0.430446120003779,10451.5220604262
29,POL,Poland,-30.721701603411503,3.786589116743272,2015,0.120810743294417,10204.0388176177
30,AUS,Australia,-84.75997964233429,-80.21916209893435,2015,0.111088519336001,5523.30808938019
31,IDN,Indonesia,98.72412819631802,-54.00062551864799,2015,0.0209743747883939,16112.0200720986
32,SGP,Singapore,-15.785880402042524,-86.66607699708949,2015,0.476965146590157,43509.318175118
33,MYS,Malaysia,24.63622159271347,52.8655866043357,2015,0.0095687071563973,11244.5946762398
34,AGO,Angola,-173.23567184291215,-49.69355614913157,2015,0.0,17848.4180961156
35,COD,Congo - Kinshasa,42.348778947315736,-27.83669747455752,2015,0.0,34718.2489741506
36,RWA,Rwanda,40.3544601800717,77.05463282380634,2015,0.0,11768.171392471
37,KEN,Kenya,42.0962388749125,36.7945923462359,2015,0.0,40569.2053352128
38,PHL,Philippines,159.7493082652647,-84.26899268436459,2015,0.0,51657.9171655034
39,THA,Thailand,65.45530767725404,-60.35505183037571,2015,0.0782609186678743,13018.6634752373
40,ETH,Ethiopia,-50.57715579343704,21.86611226995744,2015,0.154409759280099,23767.4621737596
41,OMN,Oman,-22.668496632237066,13.90114594875017,2015,0.0,9448.18654565624
42,ARE,United Arab Emirates,71.14723053381536,-47.179292152588445,2015,0.0714782710106247,13158.8073964795
43,COG,Congo - Brazzaville,-158.31883021346286,78.15851962646289,2015,0.0,32240.2870881131
44,EGY,Egypt,60.03601756044037,20.51387207386128,2015,0.0834463979203105,47297.7604330306
45,GRC,Greece,61.42963306253739,6.413904544492496,2015,0.223624247779324,16707.7973235647
46,IND,India,-104.26227801341729,16.18379574382277,2015,0.0396956244490506,38085.7776922534
47,TWN,Taiwan,-133.58653284425282,41.42196531301855,2015,0.213448116536868,25582.6362923067
48,JOR,Jordan,-66.44579366729381,-33.84990081367167,2015,0.0,19028.8781792145
49,ISR,Israel,-49.06412246065585,-18.320208801103465,2015,0.154852792104284,18698.7828559958
50,JPN,Japan,25.270837350436665,-52.22812518447802,2015,0.150669203971354,10411.4536393272
51,CHN,China,-22.10345515356468,-56.48525894153949,2015,0.17931766676874,42365.7618724562
52,TUR,Turkey,175.8145817013214,79.98703019710806,2015,0.23663637104762,32034.5700891468
53,PRT,Portugal,-143.2638681307099,43.11914310887176,2015,0.267296321394883,18544.8176929704
54,CAN,Canada,-104.80436780585951,-1.7174144488379284,2015,0.16240341494108,11313.9099600211
55,DEU,Germany,-121.92857356140136,-49.06536696480182,2015,0.383411177168009,7918.55675230375
56,IRL,Ireland,55.11899716754343,-44.21583328132927,2015,0.100111994163541,9248.82012045467
57,DNK,Denmark,-88.81502308567843,-79.55475114170238,2015,0.605470791444928,11609.0989398955
58,LVA,Latvia,-12.128121771729724,-11.805007399538257,2015,0.0,9682.25698903513
59,SWE,Sweden,-92.00678687942302,-33.87674124106154,2015,0.374237196950318,11375.9850100485
60,FIN,Finland,-122.7709498876129,35.341827986782704,2015,0.289308315155803,8773.13221917192
61,URY,,-140.26494918085015,-22.004668927353435,2015,0.0,12055.0626011869
62,PRY,,56.278652207498425,-57.67133803926573,2015,0.0,5794.51590974436
63,BOL,,-130.25413751449904,-85.55782888956038,2015,0.0307006241603705,9319.0039996669
64,GAB,,-109.23034979518074,-77.89506633661526,2015,0.0,6951.18416081483
65,GNQ,,-47.25893856205292,32.29069922974212,2015,0.0,11177.3695358101
66,LBR,,115.55756274525665,-8.334567979911839,2015,0.0,10171.740922229
67,PER,,-145.04354071449794,6.584257999569999,2015,0.0782966699652771,19083.7356682146
68,ECU,,121.6601666995694,71.40083274726157,2015,0.159359465022225,14921.9687287928
69,VEN,,-145.4045731581733,88.26101053140678,2015,0.100327625164797,17724.5696399188
70,CRI,,171.5254074048225,-50.95854280827469,2015,0.0,9982.66819566804
71,PAN,,-11.285567406827424,29.354076558018136,2015,0.168175995230776,15102.012989907
72,TGO,,171.6339917485214,-42.60197218731288,2015,0.0,8719.5471234648
73,NGA,,37.74438710821656,-86.28282009616883,2015,0.0052507804099018,18598.7654474647
74,BEN,,86.1348885833886,46.50815769050547,2015,0.0,12337.0180928157
75,GIN,,-165.89239478844456,-32.39691285195579,2015,0.0,18994.5945954528
76,GNB,,-78.18949347249256,-20.97649904905836,2015,0.0,12924.0508722527
77,BFA,,-136.7292379632592,15.89708043964903,2015,0.0,8634.32077559378
78,NOR,,-73.38952889202783,59.58872194251427,2015,0.495822691872671,7586.07404412778
79,GMB,,-137.25802117647214,23.216731846406773,2015,0.0,10359.9380097866
80,SEN,,-65.52605541816862,67.07711798053114,2015,0.0,22624.2694194214
81,MLI,,-30.865321974718825,-40.76243373318556,2015,0.0,17991.3002875143
82,NER,,-156.90690131443762,53.64843010426148,2015,0.0,16167.5480748774
83,MRT,,69.28996297320714,-56.5855300249286,2015,0.0,16927.0092836024
84,MAR,,23.976523514367045,81.50249825495001,2015,0.129090777081364,46414.4352457714
85,SLV,,-84.45978326179966,33.747889749806745,2015,0.0,16182.0253378285
86,HND,,8.369299248011885,-51.20861811955948,2015,0.0,14076.9141913746
87,GTM,,-146.18141612696098,80.52670628800635,2015,0.0076439167129274,16859.0988563124
88,JAM,,27.340738400224552,41.5540452186284,2015,0.0,8112.13529156322
89,HTI,,154.54663112743708,-44.29050433289535,2015,0.0,21656.7416676563
90,CUB,,-65.31517711752348,-51.603844073853246,2015,0.0,23314.9341953591
91,ALB,,60.26773678692541,3.276128507519388,2015,0.0,16358.7223033554
92,ROU,,-132.5527695344188,-85.38071075018432,2015,0.443273222898462,17470.8228290026
93,BLR,,77.87779348268361,-52.65538642060031,2015,0.271280772179037,17258.7434941287
94,ZAF,,-75.8138065390076,-13.556615624728876,2015,0.0,15897.0894268935
95,ZWE,,-114.05110967743794,-22.6494035398394,2015,0.0,8116.186831607
96,ZMB,,31.14465653162995,-6.556423614334079,2015,0.0,14099.9107649262
97,BDI,,-172.76128337250233,-40.026832866948254,2015,0.0,22733.4523112305
98,MDG,,118.41841051825072,15.621182362470378,2015,0.0,42774.6543899368
99,MOZ,,-178.30962857068306,65.49400906618166,2015,0.0,12014.9098753245
100,MUS,,64.01395324664284,-68.84426592683404,2015,0.0856517941586532,9278.08032950601
101,MWI,,-82.79712965082065,3.128239287740556,2015,0.0,18628.6252194713
102,TZA,,84.66984796413414,-66.2277408578724,2015,0.0,17880.2006798158
103,UGA,,166.38787624227774,39.03474261466687,2015,0.0,10035.2222643138
104,LKA,,-90.44886833281512,-18.709253494687133,2015,0.0,11433.0739971665
105,KHM,,27.416640390421293,11.775836134531616,2015,0.0,21393.9432987954
106,VNM,,33.13509525786205,-57.00962948146585,2015,0.0049784292539149,23895.3419787657
107,SOM,,26.010686084714425,-63.9274033181921,2015,0.0,30539.9597647884
108,DJI,,-99.6906122493774,-2.1498694831881835,2015,0.0,22263.9356741313
109,YEM,,162.9896441461146,-25.989707187007998,2015,0.0,35882.8627138273
110,SAU,,-19.034863697654146,79.27775014550636,2015,1.5346428887549e-05,12192.5585597726
111,QAT,,124.707122089606,47.75854568525375,2015,0.0990506867471675,13478.0228607649
112,CAF,,71.81253911430156,44.75945157309852,2015,0.0,22291.8399558128
113,SSD,,-72.92269769215189,72.66955315426802,2015,0.0,74802.8051189596
114,TCD,,112.96721509289182,-74.98396162043666,2015,0.0,11079.6186516541
115,SDN,,-37.257933295085536,9.39464458603318,2015,0.0,15274.7461377197
116,LBY,,137.19715096001818,15.205692412038402,2015,0.0,5150.17929301441
117,MMR,,29.25823414890914,83.14854813850121,2015,0.0,24256.5214271901
118,BGD,,137.424730267747,-37.41344517734121,2015,0.0166982251668793,44743.8710438555
119,NPL,,69.3113724279957,-46.650819615219575,2015,0.0,25275.2066472369
120,BHR,,81.09154073507057,-71.94709039221038,2015,0.0,14018.0700252421
121,KWT,,0.4767774936128148,-87.04266667353464,2015,0.0,14920.0487240898
122,PAK,,164.19010850036062,77.3152770225943,2015,0.0119274974701703,33892.4075451611
123,IRN,,51.83647172266947,30.58497838636381,2015,0.100393401260297,54518.3400140606
124,IRQ,,-27.412182519055307,51.3275241641648,2015,0.0,19668.0061217802
125,KOR,,38.30155708605275,-39.28858096428917,2015,0.392664259138325,25835.9051636562
126,PRK,,-173.09044860863992,15.553829913538806,2015,0.0982414088693061,33043.4792644911
127,LBN,,-71.43306599716225,-78.48805209822339,2015,0.0,30775.4014498484
128,AFG,,57.66247349736662,-2.587032731767877,2015,0.0,25228.8951814023
129,SYR,,-75.57206140424013,85.94912515400043,2015,0.0,23037.8959816845
130,TJK,,42.48555443958296,67.77094415698633,2015,0.0,17469.2167720146
131,TKM,,-25.643267659524184,-29.131388669367787,2015,0.0,14793.053008751
132,ARM,,-131.22933687991792,83.08262781746973,2015,0.145237397712662,12316.9383628131
133,AZE,,-72.61836265582892,-48.293707235183184,2015,0.15770854362442,12428.1086909898
134,KGZ,,25.187367852455367,80.87738803482267,2015,0.0,20884.3605473412
135,UZB,,32.71419404934235,79.44798684716974,2015,0.0429285907596657,26346.194920011
136,GEO,,26.757089585848377,53.85646572343052,2015,0.348034576899606,17516.4989016017
137,KAZ,,55.1522951485681,23.4806286360224,2015,0.042579022866753,10169.0240982624
138,UKR,,54.757177200608,67.37183399249045,2015,0.16103305830581,13251.3879764415
139,MNG,,-24.689363243769375,-37.25634878859659,2015,0.0,9947.18320434134
140,RUS,,142.75677450638267,62.80983995632528,2015,0.204497682633553,17310.8850039312
0,ARG,Argentina,17.572861413836904,-23.838863391378624,2020,0.0893091267060491,10701.1200832925
1,CHL,Chile,77.46817189407102,-11.544313452187168,2020,0.184690314160616,15163.0135269597
2,BRA,Brazil,36.99481538579178,70.54620390282099,2020,0.0458873763087008,21164.0433297189
3,NZL,New Zealand,16.157945878882884,55.11491802829542,2020,0.0,6483.45465243145
4,FRA,France,-27.484272237994304,36.699945037265934,2020,0.479439542014483,14691.9569962665
5,CMR,Cameroon,52.5218807039962,-71.95916028378579,2020,0.0,29133.8004800444
6,GBR,United Kingdom,-22.468603945430687,75.50687047404125,2020,0.0033314553347469,11566.3253094457
7,COL,Colombia,141.03828028154874,38.56343391884005,2020,0.218889969386072,30289.8869308431
8,CIV,Côte d’Ivoire,166.91859378037054,89.79246118221596,2020,0.0,26330.4699435821
9,GHA,Ghana,-41.96105322272004,-63.09930516156113,2020,0.0,15213.719405705
10,SLE,Sierra Leone,105.02101370975925,66.26269032627857,2020,0.0,26779.3165678494
11,DZA,Algeria,10.402171111045618,-60.75127175825253,2020,0.182895923954817,18522.2758230085
12,USA,United States,24.496041993815624,20.800721571091955,2020,0.122524883472961,10332.5265506597
13,NIC,Nicaragua,153.214789785358,-67.71240308710053,2020,0.0,12030.1352142431
14,DOM,Dominican Republic,-154.4270190487607,62.6414812780022,2020,0.0802346666627339,16528.5787342236
15,MEX,Mexico,-148.63345210744535,55.31741257050192,2020,0.110226271540403,13710.0718388125
16,NLD,Netherlands,-172.72137692148274,12.438132950626796,2020,0.159471900052915,9141.00948724905
17,TUN,Tunisia,119.74314439725764,-16.70700649932006,2020,0.188448964239197,12932.0855653467
18,ESP,Spain,100.13643034194617,-77.54994081807516,2020,0.627493936907174,24016.5602532253
19,VAT,Vatican City,133.20437336885487,35.53717916602146,2020,0.545461803245866,4020.74640130249
20,CHE,Switzerland,172.30260320379506,-8.362317117947612,2020,0.613686597926618,9385.71924756026
21,BEL,Belgium,107.69708311802049,39.97000790466262,2020,0.0435591019761716,11998.3382169192
22,ITA,Italy,-13.867429588944532,65.94881866715326,2020,0.217810485320307,21600.0764195377
23,BGR,Bulgaria,100.99050346312396,85.59387090051945,2020,0.400082709048914,11046.3057865108
24,SRB,Serbia,-137.42120668718405,64.04460163066997,2020,0.0,13629.836614214
25,HRV,Croatia,50.37156767790859,-87.89146484669965,2020,0.0,9805.4406507463
26,HUN,Hungary,-128.3928165327433,-25.203948393894507,2020,0.283207536632196,10335.9335960259
27,AUT,Austria,160.08081013785022,41.39830123633044,2020,0.560778785340244,13870.5449394161
28,CZE,Czechia,7.86539583002579,-59.10665809294071,2020,0.436322640204916,10512.9375065605
29,POL,Poland,-30.721701603411503,3.786589116743272,2020,0.107741787901613,9956.63874072675
30,AUS,Australia,-84.75997964233429,-80.21916209893435,2020,0.115499388256882,6384.65923711003
31,IDN,Indonesia,98.72412819631802,-54.00062551864799,2020,0.0210519664093977,16865.8337101984
32,SGP,Singapore,-15.785880402042524,-86.66607699708949,2020,0.472312628693534,49887.6551582427
33,MYS,Malaysia,24.63622159271347,52.8655866043357,2020,0.0078929006218503,12508.9773955882
34,AGO,Angola,-173.23567184291215,-49.69355614913157,2020,0.0,22402.7368017413
35,COD,Congo - Kinshasa,42.348778947315736,-27.83669747455752,2020,0.0,41855.5869022803
36,RWA,Rwanda,40.3544601800717,77.05463282380634,2020,0.0,13252.6766088454
37,KEN,Kenya,42.0962388749125,36.7945923462359,2020,0.0,49300.9755028644
38,PHL,Philippines,159.7493082652647,-84.26899268436459,2020,0.0,55581.0078703436
39,THA,Thailand,65.45530767725404,-60.35505183037571,2020,0.0838814419670946,15134.6093407395
40,ETH,Ethiopia,-50.57715579343704,21.86611226995744,2020,0.18437414137372,30376.8455855154
41,OMN,Oman,-22.668496632237066,13.90114594875017,2020,0.0,10976.6793058205
42,ARE,United Arab Emirates,71.14723053381536,-47.179292152588445,2020,0.0701541320696695,13489.9719167416
43,COG,Congo - Brazzaville,-158.31883021346286,78.15851962646289,2020,0.0,43514.0562208997
44,EGY,Egypt,60.03601756044037,20.51387207386128,2020,0.0804321847015955,55446.6577197227
45,GRC,Greece,61.42963306253739,6.413904544492496,2020,0.217685694554816,16149.2911345217
46,IND,India,-104.26227801341729,16.18379574382277,2020,0.0346370256120754,40073.5781096016
47,TWN,Taiwan,-133.58653284425282,41.42196531301855,2020,0.20038188648352,26347.9487538521
48,JOR,Jordan,-66.44579366729381,-33.84990081367167,2020,0.0,27931.2518787024
49,ISR,Israel,-49.06412246065585,-18.320208801103465,2020,0.0683689320352949,20261.2506292811
50,JPN,Japan,25.270837350436665,-52.22812518447802,2020,0.148073013851084,10360.5915921508
51,CHN,China,-22.10345515356468,-56.48525894153949,2020,0.156661513082922,44967.32976912
52,TUR,Turkey,175.8145817013214,79.98703019710806,2020,0.225608470662387,33275.4353902275
53,PRT,Portugal,-143.2638681307099,43.11914310887176,2020,0.272985995901834,19159.6144247234
54,CAN,Canada,-104.80436780585951,-1.7174144488379284,2020,0.164123219725804,11835.1049275277
55,DEU,Germany,-121.92857356140136,-49.06536696480182,2020,0.386669890014033,8339.63668258674
56,IRL,Ireland,55.11899716754343,-44.21583328132927,2020,0.103450231304343,9801.23031244314
57,DNK,Denmark,-88.81502308567843,-79.55475114170238,2020,0.628359254055451,12846.389990486
58,LVA,Latvia,-12.128121771729724,-11.805007399538257,2020,0.0,9197.38044491143
59,SWE,Sweden,-92.00678687942302,-33.87674124106154,2020,0.392434584147296,12564.328626573
60,FIN,Finland,-122.7709498876129,35.341827986782704,2020,0.199884764704448,8854.26657400072
61,URY,,-140.26494918085015,-22.004668927353435,2020,0.0,11686.2979033812
62,PRY,,56.278652207498425,-57.67133803926573,2020,0.0,5213.8575256204
63,BOL,,-130.25413751449904,-85.55782888956038,2020,0.0032667778690051,10036.6754282418
64,GAB,,-109.23034979518074,-77.89506633661526,2020,0.0,9014.02157866604
65,GNQ,,-47.25893856205292,32.29069922974212,2020,0.0,20797.2267105363
66,LBR,,115.55756274525665,-8.334567979911839,2020,0.0,11977.5961820811
67,PER,,-145.04354071449794,6.584257999569999,2020,0.0742812645338568,20511.7046599873
68,ECU,,121.6601666995694,71.40083274726157,2020,0.147697785373664,16252.7951645142
69,VEN,,-145.4045731581733,88.26101053140678,2020,0.103186148151786,15457.3978957017
70,CRI,,171.5254074048225,-50.95854280827469,2020,0.0,10542.7066450656
71,PAN,,-11.285567406827424,29.354076558018136,2020,0.181093961461234,16229.6662314666
72,TGO,,171.6339917485214,-42.60197218731288,2020,0.0,9585.79926139494
73,NGA,,37.74438710821656,-86.28282009616883,2020,0.0002128761051045,19965.5818811835
74,BEN,,86.1348885833886,46.50815769050547,2020,0.0,12548.1460312667
75,GIN,,-165.89239478844456,-32.39691285195579,2020,0.0,19874.640362064
76,GNB,,-78.18949347249256,-20.97649904905836,2020,0.0,14815.8015894902
77,BFA,,-136.7292379632592,15.89708043964903,2020,0.0,10652.2802410757
78,NOR,,-73.38952889202783,59.58872194251427,2020,0.519394083270495,7827.40228691788
79,GMB,,-137.25802117647214,23.216731846406773,2020,0.0,12311.7986522044
80,SEN,,-65.52605541816862,67.07711798053114,2020,0.0,23278.9240367464
81,MLI,,-30.865321974718825,-40.76243373318556,2020,0.0,21451.7204431708
82,NER,,-156.90690131443762,53.64843010426148,2020,0.0,16870.6267630097
83,MRT,,69.28996297320714,-56.5855300249286,2020,0.0,19486.4595322934
84,MAR,,23.976523514367045,81.50249825495001,2020,0.137120910856746,47712.2597688715
85,SLV,,-84.45978326179966,33.747889749806745,2020,0.0,16833.229577858
86,HND,,8.369299248011885,-51.20861811955948,2020,0.0,16813.0305671953
87,GTM,,-146.18141612696098,80.52670628800635,2020,0.0079240308290472,16350.5367273899
88,JAM,,27.340738400224552,41.5540452186284,2020,0.0,7812.05468215443
89,HTI,,154.54663112743708,-44.29050433289535,2020,0.0,19016.4118653097
90,CUB,,-65.31517711752348,-51.603844073853246,2020,0.0,22130.4315923375
91,ALB,,60.26773678692541,3.276128507519388,2020,0.0,17996.4213352688
92,ROU,,-132.5527695344188,-85.38071075018432,2020,0.446187335482935,17337.0399325059
93,BLR,,77.87779348268361,-52.65538642060031,2020,0.274807884080024,18341.5624115235
94,ZAF,,-75.8138065390076,-13.556615624728876,2020,0.0,18138.3382661476
95,ZWE,,-114.05110967743794,-22.6494035398394,2020,0.0,7130.33230906261
96,ZMB,,31.14465653162995,-6.556423614334079,2020,0.0,16994.8141929779
97,BDI,,-172.76128337250233,-40.026832866948254,2020,0.0,26862.40561397
98,MDG,,118.41841051825072,15.621182362470378,2020,0.0,53891.0098287952
99,MOZ,,-178.30962857068306,65.49400906618166,2020,0.0,13200.6759443412
100,MUS,,64.01395324664284,-68.84426592683404,2020,0.0217625423171661,9198.45873255801
101,MWI,,-82.79712965082065,3.128239287740556,2020,0.0,20562.9227414413
102,TZA,,84.66984796413414,-66.2277408578724,2020,0.0,22985.3723347437
103,UGA,,166.38787624227774,39.03474261466687,2020,0.0,11217.8701847474
104,LKA,,-90.44886833281512,-18.709253494687133,2020,0.0,10876.0390835595
105,KHM,,27.416640390421293,11.775836134531616,2020,0.0,21505.5617119102
106,VNM,,33.13509525786205,-57.00962948146585,2020,0.0,26792.5832103655
107,SOM,,26.010686084714425,-63.9274033181921,2020,0.0,48541.4737093222
108,DJI,,-99.6906122493774,-2.1498694831881835,2020,0.0,26939.1943262506
109,YEM,,162.9896441461146,-25.989707187007998,2020,0.0,42790.4409976688
110,SAU,,-19.034863697654146,79.27775014550636,2020,1.61217934943666e-05,13252.7185676454
111,QAT,,124.707122089606,47.75854568525375,2020,0.0929354192434974,16384.6977045902
112,CAF,,71.81253911430156,44.75945157309852,2020,0.0,24369.7846746283
113,SSD,,-72.92269769215189,72.66955315426802,2020,0.0,95539.7528663066
114,TCD,,112.96721509289182,-74.98396162043666,2020,0.0,12976.0259616124
115,SDN,,-37.257933295085536,9.39464458603318,2020,0.0,16348.5654325701
116,LBY,,137.19715096001818,15.205692412038402,2020,0.0,5211.35380808776
117,MMR,,29.25823414890914,83.14854813850121,2020,0.0,25181.82610444
118,BGD,,137.424730267747,-37.41344517734121,2020,0.0,49481.0277908272
119,NPL,,69.3113724279957,-46.650819615219575,2020,0.0,29986.2260783809
120,BHR,,81.09154073507057,-71.94709039221038,2020,0.0,20121.1341321765
121,KWT,,0.4767774936128148,-87.04266667353464,2020,0.0,17492.3521790865
122,PAK,,164.19010850036062,77.3152770225943,2020,0.0128017725096816,38268.2077281801
123,IRN,,51.83647172266947,30.58497838636381,2020,0.0956124871171299,57467.7823654244
124,IRQ,,-27.412182519055307,51.3275241641648,2020,0.0,21430.1894698146
125,KOR,,38.30155708605275,-39.28858096428917,2020,0.385720507932896,26004.7277221743
126,PRK,,-173.09044860863992,15.553829913538806,2020,0.0992566621946533,31747.3506433617
127,LBN,,-71.43306599716225,-78.48805209822339,2020,0.0,29408.1382467964
128,AFG,,57.66247349736662,-2.587032731767877,2020,0.0,30232.4109602716
129,SYR,,-75.57206140424013,85.94912515400043,2020,0.0,26366.8989100478
130,TJK,,42.48555443958296,67.77094415698633,2020,0.0,19881.0415236439
131,TKM,,-25.643267659524184,-29.131388669367787,2020,0.0,16255.2376670911
132,ARM,,-131.22933687991792,83.08262781746973,2020,0.144881675277128,11253.4793839209
133,AZE,,-72.61836265582892,-48.293707235183184,2020,0.158228923386173,12973.1683730988
134,KGZ,,25.187367852455367,80.87738803482267,2020,0.0,23433.8252520492
135,UZB,,32.71419404934235,79.44798684716974,2020,0.0431900134143543,26028.7082815564
136,GEO,,26.757089585848377,53.85646572343052,2020,0.348267651664304,16168.9755153232
137,KAZ,,55.1522951485681,23.4806286360224,2020,0.0436372862112837,11710.3964189353
138,UKR,,54.757177200608,67.37183399249045,2020,0.147241423277667,13099.0760781511
139,MNG,,-24.689363243769375,-37.25634878859659,2020,0.0,11852.7419632644
140,RUS,,142.75677450638267,62.80983995632528,2020,0.19780064323496,18090.1690814669
0,ARG,Argentina,17.572861413836904,-23.838863391378624,2024,0.0876048088525019,10746.0478846286
1,CHL,Chile,77.46817189407102,-11.544313452187168,2024,0.195809390567026,15550.750661283
2,BRA,Brazil,36.99481538579178,70.54620390282099,2024,0.0456192976087277,21496.4735615718
3,NZL,New Zealand,16.157945878882884,55.11491802829542,2024,0.0,6833.88265882856
4,FRA,France,-27.484272237994304,36.699945037265934,2024,0.490431769180681,14916.4166982927
5,CMR,Cameroon,52.5218807039962,-71.95916028378579,2024,0.0,34048.3256337136
6,GBR,United Kingdom,-22.468603945430687,75.50687047404125,2024,0.006279387467813,11930.442465215
7,COL,Colombia,141.03828028154874,38.56343391884005,2024,0.214879923551284,31042.7881647007
8,CIV,Côte d’Ivoire,166.91859378037054,89.79246118221596,2024,0.0,29354.9356679778
9,GHA,Ghana,-41.96105322272004,-63.09930516156113,2024,0.0,17289.4630431597
10,SLE,Sierra Leone,105.02101370975925,66.26269032627857,2024,0.0,30385.3158086865
11,DZA,Algeria,10.402171111045618,-60.75127175825253,2024,0.169336542790723,19995.1367704365
12,USA,United States,24.496041993815624,20.800721571091955,2024,0.122847745523949,10417.0604265719
13,NIC,Nicaragua,153.214789785358,-67.71240308710053,2024,0.0,12551.8161973537
14,DOM,Dominican Republic,-154.4270190487607,62.6414812780022,2024,0.0756608044116222,17464.521994764
15,MEX,Mexico,-148.63345210744535,55.31741257050192,2024,0.114603827613525,13861.7454498327
16,NLD,Netherlands,-172.72137692148274,12.438132950626796,2024,0.155671070317708,9401.20238748299
17,TUN,Tunisia,119.74314439725764,-16.70700649932006,2024,0.178769472346002,13622.115063415
18,ESP,Spain,100.13643034194617,-77.54994081807516,2024,0.625840341210585,24432.3709121571
19,VAT,Vatican City,133.20437336885487,35.53717916602146,2024,0.540242294050805,4047.95694901918
20,CHE,Switzerland,172.30260320379506,-8.362317117947612,2024,0.606773854252207,9565.00122258076
21,BEL,Belgium,107.69708311802049,39.97000790466262,2024,0.0425752999742333,12394.8084877881
22,ITA,Italy,-13.867429588944532,65.94881866715326,2024,0.224872792361121,21534.9167240794
23,BGR,Bulgaria,100.99050346312396,85.59387090051945,2024,0.433415773190961,10722.3775513339
24,SRB,Serbia,-137.42120668718405,64.04460163066997,2024,0.0,13371.4360356429
25,HRV,Croatia,50.37156767790859,-87.89146484669965,2024,0.0,9564.61837423915
26,HUN,Hungary,-128.3928165327433,-25.203948393894507,2024,0.274572514915826,10652.2324717424
27,AUT,Austria,160.08081013785022,41.39830123633044,2024,0.545781287755416,14231.0093049648
28,CZE,Czechia,7.86539583002579,-59.10665809294071,2024,0.430446120003779,10600.7907849465
29,POL,Poland,-30.721701603411503,3.786589116743272,2024,0.120810743294417,10169.7006493187
30,AUS,Australia,-84.75997964233429,-80.21916209893435,2024,0.111088519336001,7071.91072937345
31,IDN,Indonesia,98.72412819631802,-54.00062551864799,2024,0.0209743747883939,17374.219230427
32,SGP,Singapore,-15.785880402042524,-86.66607699708949,2024,0.476965146590157,59336.7355005966
33,MYS,Malaysia,24.63622159271347,52.8655866043357,2024,0.0095687071563973,13193.3494241694
34,AGO,Angola,-173.23567184291215,-49.69355614913157,2024,0.0,26181.2422502319
35,COD,Congo - Kinshasa,42.348778947315736,-27.83669747455752,2024,0.0,49652.5065942509
36,RWA,Rwanda,40.3544601800717,77.05463282380634,2024,0.0,14597.5362896314
37,KEN,Kenya,42.0962388749125,36.7945923462359,2024,0.0,57268.0126503068
38,PHL,Philippines,159.7493082652647,-84.26899268436459,2024,0.0,58397.9831127251
39,THA,Thailand,65.45530767725404,-60.35505183037571,2024,0.0782609186678743,16293.8887998145
40,ETH,Ethiopia,-50.57715579343704,21.86611226995744,2024,0.154409759280099,36615.8362957447
41,OMN,Oman,-22.668496632237066,13.90114594875017,2024,0.0,11762.0254346708
42,ARE,United Arab Emirates,71.14723053381536,-47.179292152588445,2024,0.0714782710106247,13853.0358754187
43,COG,Congo - Brazzaville,-158.31883021346286,78.15851962646289,2024,0.0,50540.655354453
44,EGY,Egypt,60.03601756044037,20.51387207386128,2024,0.0834463979203105,66892.9709645869
45,GRC,Greece,61.42963306253739,6.413904544492496,2024,0.223624247779324,16032.6900013003
46,IND,India,-104.26227801341729,16.18379574382277,2024,0.0396956244490506,41719.0713220083
47,TWN,Taiwan,-133.58653284425282,41.42196531301855,2024,0.213448116536868,27054.1756617898
48,JOR,Jordan,-66.44579366729381,-33.84990081367167,2024,0.0,28746.8850547275
49,ISR,Israel,-49.06412246065585,-18.320208801103465,2024,0.154852792104284,21346.5819188599
50,JPN,Japan,25.270837350436665,-52.22812518447802,2024,0.150669203971354,10231.6717510394
51,CHN,China,-22.10345515356468,-56.48525894153949,2024,0.17931766676874,47106.47932539
52,TUR,Turkey,175.8145817013214,79.98703019710806,2024,0.23663637104762,34087.5295715675
53,PRT,Portugal,-143.2638681307099,43.11914310887176,2024,0.267296321394883,19584.5846172673
54,CAN,Canada,-104.80436780585951,-1.7174144488379284,2024,0.16240341494108,12178.4797158166
55,DEU,Germany,-121.92857356140136,-49.06536696480182,2024,0.383411177168009,8434.66520045436
56,IRL,Ireland,55.11899716754343,-44.21583328132927,2024,0.100111994163541,10131.8181315116
57,DNK,Denmark,-88.81502308567843,-79.55475114170238,2024,0.605470791444928,13669.9687611017
58,LVA,Latvia,-12.128121771729724,-11.805007399538257,2024,0.0,8788.67565183086
59,SWE,Sweden,-92.00678687942302,-33.87674124106154,2024,0.374237196950318,13152.6436932492
60,FIN,Finland,-122.7709498876129,35.341827986782704,2024,0.289308315155803,8799.60788222672
61,URY,,-140.26494918085015,-22.004668927353435,2024,,
62,PRY,,56.278652207498425,-57.67133803926573,2024,,
63,BOL,,-130.25413751449904,-85.55782888956038,2024,,
64,GAB,,-109.23034979518074,-77.89506633661526,2024,,
65,GNQ,,-47.25893856205292,32.29069922974212,2024,,
66,LBR,,115.55756274525665,-8.334567979911839,2024,,
67,PER,,-145.04354071449794,6.584257999569999,2024,,
68,ECU,,121.6601666995694,71.40083274726157,2024,,
69,VEN,,-145.4045731581733,88.26101053140678,2024,,
70,CRI,,171.5254074048225,-50.95854280827469,2024,,
71,PAN,,-11.285567406827424,29.354076558018136,2024,,
72,TGO,,171.6339917485214,-42.60197218731288,2024,,
73,NGA,,37.74438710821656,-86.28282009616883,2024,,
74,BEN,,86.1348885833886,46.50815769050547,2024,,
75,GIN,,-165.89239478844456,-32.39691285195579,2024,,
76,GNB,,-78.18949347249256,-20.97649904905836,2024,,
77,BFA,,-136.7292379632592,15.89708043964903,2024,,
78,NOR,,-73.38952889202783,59.58872194251427,2024,,
79,GMB,,-137.25802117647214,23.216731846406773,2024,,
80,SEN,,-65.52605541816862,67.07711798053114,2024,,
81,MLI,,-30.865321974718825,-40.76243373318556,2024,,
82,NER,,-156.90690131443762,53.64843010426148,2024,,
83,MRT,,69.28996297320714,-56.5855300249286,2024,,
84,MAR,,23.976523514367045,81.50249825495001,2024,,
85,SLV,,-84.45978326179966,33.747889749806745,2024,,
86,HND,,8.369299248011885,-51.20861811955948,2024,,
87,GTM,,-146.18141612696098,80.52670628800635,2024,,
88,JAM,,27.340738400224552,41.5540452186284,2024,,
89,HTI,,154.54663112743708,-44.29050433289535,2024,,
90,CUB,,-65.31517711752348,-51.603844073853246,2024,,
91,ALB,,60.26773678692541,3.276128507519388,2024,,
92,ROU,,-132.5527695344188,-85.38071075018432,2024,,
93,BLR,,77.87779348268361,-52.65538642060031,2024,,
94,ZAF,,-75.8138065390076,-13.556615624728876,2024,,
95,ZWE,,-114.05110967743794,-22.6494035398394,2024,,
96,ZMB,,31.14465653162995,-6.556423614334079,2024,,
97,BDI,,-172.76128337250233,-40.026832866948254,2024,,
98,MDG,,118.41841051825072,15.621182362470378,2024,,
99,MOZ,,-178.30962857068306,65.49400906618166,2024,,
100,MUS,,64.01395324664284,-68.84426592683404,2024,,
101,MWI,,-82.79712965082065,3.128239287740556,2024,,
102,TZA,,84.66984796413414,-66.2277408578724,2024,,
103,UGA,,166.38787624227774,39.03474261466687,2024,,
104,LKA,,-90.44886833281512,-18.709253494687133,2024,,
105,KHM,,27.416640390421293,11.775836134531616,2024,,
106,VNM,,33.13509525786205,-57.00962948146585,2024,,
107,SOM,,26.010686084714425,-63.9274033181921,2024,,
108,DJI,,-99.6906122493774,-2.1498694831881835,2024,,
109,YEM,,162.9896441461146,-25.989707187007998,2024,,
110,SAU,,-19.034863697654146,79.27775014550636,2024,,
111,QAT,,124.707122089606,47.75854568525375,2024,,
112,CAF,,71.81253911430156,44.75945157309852,2024,,
113,SSD,,-72.92269769215189,72.66955315426802,2024,,
114,TCD,,112.96721509289182,-74.98396162043666,2024,,
115,SDN,,-37.257933295085536,9.39464458603318,2024,,
116,LBY,,137.19715096001818,15.205692412038402,2024,,
117,MMR,,29.25823414890914,83.14854813850121,2024,,
118,BGD,,137.424730267747,-37.41344517734121,2024,,
119,NPL,,69.3113724279957,-46.650819615219575,2024,,
120,BHR,,81.09154073507057,-71.94709039221038,2024,,
121,KWT,,0.4767774936128148,-87.04266667353464,2024,,
122,PAK,,164.19010850036062,77.3152770225943,2024,,
123,IRN,,51.83647172266947,30.58497838636381,2024,,
124,IRQ,,-27.412182519055307,51.3275241641648,2024,,
125,KOR,,38.30155708605275,-39.28858096428917,2024,,
126,PRK,,-173.09044860863992,15.553829913538806,2024,,
127,LBN,,-71.43306599716225,-78.48805209822339,2024,,
128,AFG,,57.66247349736662,-2.587032731767877,2024,,
129,SYR,,-75.57206140424013,85.94912515400043,2024,,
130,TJK,,42.48555443958296,67.77094415698633,2024,,
131,TKM,,-25.643267659524184,-29.131388669367787,2024,,
132,ARM,,-131.22933687991792,83.08262781746973,2024,,
133,AZE,,-72.61836265582892,-48.293707235183184,2024,,
134,KGZ,,25.187367852455367,80.87738803482267,2024,,
135,UZB,,32.71419404934235,79.44798684716974,2024,,
136,GEO,,26.757089585848377,53.85646572343052,2024,,
137,KAZ,,55.1522951485681,23.4806286360224,2024,,
138,UKR,,54.757177200608,67.37183399249045,2024,,
139,MNG,,-24.689363243769375,-37.25634878859659,2024,,
140,RUS,,142.75677450638267,62.80983995632528,2024,,
