"a3","name","block_density","block_density_legend","transport_street_types","transport_street_types_legend","transport_rail_types","transport_rail_types_legend","transport_freight_types","transport_freight_types_legend","non_highways","non_highways_legend","car_free_areas","car_free_areas_legend","streets","streets_legend","parking_blocks","parking_blocks_legend"
"ARG","Argentina",68.1827082204551,68.1827082204551,0.00743878640073392,0.00743878640073392,0.0876048088525019,0.0876048088525019,0.651768163986148,0.651768163986148,0.791800911074585,0.791800911074585,0.22404771928151,0.22404771928151,0.774357538457481,0.774357538457481,0.127240391600132,0.127240391600132
"CHL","Chile",86.7071723091826,86.7071723091826,0.0913629142085405,0.0913629142085405,0.195809390567026,0.195809390567026,0,0,0.651903157992141,0.651903157992141,0.502979823397929,0.502979823397929,0.802592596875541,0.802592596875541,0.244167009855396,0.244167009855396
"URY","Uruguay",57.8656388659662,57.8656388659662,0,0,0,0,NA,NA,0.833296142808245,0.833296142808245,0.351323946991278,0.351323946991278,0.846593592930567,0.846593592930567,0.146354205717442,0.146354205717442
"PRY","Paraguay",58.2446186584354,58.2446186584354,0,0,0,0,NA,NA,0.80015356735293,0.80015356735293,0.223884264176534,0.223884264176534,0.708741653267861,0.708741653267861,0.0297245485443756,0.0297245485443756
"BOL","Bolivia",86.1267234634529,86.1267234634529,0.00185788555426488,0.00185788555426488,0.0307006241603705,0.0307006241603705,NA,NA,0.625504482589469,0.625504482589469,0.405218381779647,0.405218381779647,0.772153996570325,0.772153996570325,0.0306828463375305,0.0306828463375305
"BRA","Brazil",62.7676926936557,62.7676926936557,0.00839500580151071,0.00839500580151071,0.0456192976087277,0.0456192976087277,0.198437407246954,0.198437407246954,0.605774578395561,0.605774578395561,0.317185296744064,0.317185296744064,0.612230331634401,0.612230331634401,0.0638872123055631,0.0638872123055631
"NZL","New Zealand",32.2744321320074,32.2744321320074,0.100606313324373,0.100606313324373,0,0,0.396291044925089,0.396291044925089,0.795108498151871,0.795108498151871,0.626334568108091,0.626334568108091,0.677731344209421,0.677731344209421,0.201914496850348,0.201914496850348
"GAB","Gabon",17.8942042951824,17.8942042951824,0,0,0,0,NA,NA,0.686500950854685,0.686500950854685,0.0241051723544127,0.0241051723544127,0.336083503402133,0.336083503402133,0,0
"FRA","France",62.4949598706323,62.4949598706323,0.100270525181638,0.100270525181638,0.490431769180681,0.490431769180681,0.712330765233578,0.712330765233578,0.629739232961582,0.629739232961582,0.722797335986263,0.722797335986263,0.894022651406278,0.894022651406278,0.436031850667458,0.436031850667458
"GNQ","Equatorial Guinea",22.0997363125904,22.0997363125904,0,0,0,0,NA,NA,0.783373442457097,0.783373442457097,0.0618145573452273,0.0618145573452273,0.0287118392535213,0.0287118392535213,0,0
"LBR","Liberia",30.6081949445057,30.6081949445057,0,0,0,0,NA,NA,0.907187038775616,0.907187038775616,0.240200336606629,0.240200336606629,0.155387203620188,0.155387203620188,0,0
"CMR","Cameroon",44.2614755571128,44.2614755571128,0,0,0,0,0.0565906060677427,0.0565906060677427,0.838930325592109,0.838930325592109,0.0733639672327203,0.0733639672327203,0.668641689792813,0.668641689792813,0,0
"PER","Peru",114.139589630703,114.139589630703,0.023042780341179,0.023042780341179,0.0782966699652771,0.0782966699652771,NA,NA,0.592695224635653,0.592695224635653,0.591379131869751,0.591379131869751,0.861483915581695,0.861483915581695,0.129702009888115,0.129702009888115
"ECU","Ecuador",105.368612980295,105.368612980295,0.0238181779876095,0.0238181779876095,0.159359465022225,0.159359465022225,NA,NA,0.528098503288268,0.528098503288268,0.360248206783573,0.360248206783573,0.761634650622895,0.761634650622895,0.046245211624727,0.046245211624727
"GBR","United Kingdom",54.1583145365578,54.1583145365578,0.00602577862822616,0.00602577862822616,0.00627938746781304,0.00627938746781304,0.0818516642682542,0.0818516642682542,0.785274735659583,0.785274735659583,0.718309642451978,0.718309642451978,0.808933549741853,0.808933549741853,0.276070353456008,0.276070353456008
"COL","Colombia",110.626885223129,110.626885223129,0.0293383335490273,0.0293383335490273,0.214879923551284,0.214879923551284,0.849255121005812,0.849255121005812,0.482219177916306,0.482219177916306,0.635730700858748,0.635730700858748,0.775941654552273,0.775941654552273,0.282542726232144,0.282542726232144
"VEN","Venezuela",63.8574731915949,63.8574731915949,0.00383667161378457,0.00383667161378457,0.100327625164797,0.100327625164797,NA,NA,0.653442183397672,0.653442183397672,0.154717563102059,0.154717563102059,0.429872656477139,0.429872656477139,0.0039979916497487,0.0039979916497487
"CRI","Costa Rica",37.7709055524819,37.7709055524819,0,0,0,0,NA,NA,0.815214132310256,0.815214132310256,0.341558461419364,0.341558461419364,0.7196862273232,0.7196862273232,0,0
"PAN","Panama",43.0450295283877,43.0450295283877,0.0055465501585464,0.0055465501585464,0.168175995230776,0.168175995230776,NA,NA,0.516030379526434,0.516030379526434,0.231869307901921,0.231869307901921,0.47942267507469,0.47942267507469,0.0111352555665959,0.0111352555665959
"CIV","Côte d’Ivoire",63.913807211538,63.913807211538,0,0,0,0,0.184667700074875,0.184667700074875,0.732246894781437,0.732246894781437,0.190692263867425,0.190692263867425,0.771087693821909,0.771087693821909,0,0
"GHA","Ghana",37.6302273497013,37.6302273497013,0,0,0,0,0.0677654616478776,0.0677654616478776,0.749445480946758,0.749445480946758,0.073812975445736,0.073812975445736,0.420549545227328,0.420549545227328,0,0
"SLE","Sierra Leone",34.4543199056595,34.4543199056595,0,0,0,0,0,0,0.694610892882018,0.694610892882018,0.349475356070916,0.349475356070916,0.432678823068119,0.432678823068119,0,0
"TGO","Togo",62.5053413909721,62.5053413909721,0,0,0,0,NA,NA,0.675659809245383,0.675659809245383,0.250378683364221,0.250378683364221,0.586399754262404,0.586399754262404,0,0
"NGA","Nigeria",35.1131679142708,35.1131679142708,0,0,0.00525078040990184,0.00525078040990184,NA,NA,0.700832545019075,0.700832545019075,0.0259075055245066,0.0259075055245066,0.060057028361421,0.060057028361421,0,0
"BEN","Benin",52.3069124597845,52.3069124597845,0,0,0,0,NA,NA,0.695500834275307,0.695500834275307,0.108395607047306,0.108395607047306,0.607606926662917,0.607606926662917,0,0
"GIN","Guinea",50.050069357436,50.050069357436,0,0,0,0,NA,NA,0.58863971548046,0.58863971548046,0.0815217126958038,0.0815217126958038,0.65564052341724,0.65564052341724,0,0
"GNB","Guinea-Bissau",37.0430311202923,37.0430311202923,0,0,0,0,NA,NA,0.860818238821158,0.860818238821158,0.163447525457803,0.163447525457803,0.145775543233517,0.145775543233517,0,0
"BFA","Burkina Faso",84.2282373719689,84.2282373719689,0,0,0,0,NA,NA,0.882084792737344,0.882084792737344,0.227473788061842,0.227473788061842,0.466539018832256,0.466539018832256,0.092026060041133,0.092026060041133
"NOR","Norway",84.327640962917,84.327640962917,0.295724823458675,0.295724823458675,0.495822691872671,0.495822691872671,NA,NA,0.558010921694637,0.558010921694637,0.847002554447111,0.847002554447111,0.868715130529343,0.868715130529343,0.598981505246808,0.598981505246808
"GMB","Gambia",62.1418265393176,62.1418265393176,0,0,0,0,NA,NA,0.910972246715269,0.910972246715269,0.0786215026180071,0.0786215026180071,0.276007106395592,0.276007106395592,0,0
"SEN","Senegal",149.208217531611,149.208217531611,0,0,0,0,NA,NA,0.57216970515512,0.57216970515512,0.111959365801945,0.111959365801945,0.676703217398324,0.676703217398324,0,0
"MLI","Mali",94.8335409812902,94.8335409812902,0,0,0,0,NA,NA,0.860076105605768,0.860076105605768,0.0765394450670158,0.0765394450670158,0.793394782057478,0.793394782057478,0,0
"NER","Niger",75.8331456589366,75.8331456589366,0,0,0,0,NA,NA,0.85668015987642,0.85668015987642,0.1064214457173,0.1064214457173,0.658719013041262,0.658719013041262,0.0526279644533118,0.0526279644533118
"MRT","Mauritania",140.533278184344,140.533278184344,0,0,0,0,NA,NA,0.902119369942407,0.902119369942407,0.0969218276895597,0.0969218276895597,0.836786835285259,0.836786835285259,0,0
"DZA","Algeria",60.774629273335,60.774629273335,0.00130665169339951,0.00130665169339951,0.169336542790723,0.169336542790723,0.00207442024465732,0.00207442024465732,0.461593337081608,0.461593337081608,0.151845072866376,0.151845072866376,0.718155474809718,0.718155474809718,0.00402867811915787,0.00402867811915787
"USA","United States",61.2654089274592,61.2654089274592,0.0442978549720464,0.0442978549720464,0.122847745523949,0.122847745523949,0.199809373801375,0.199809373801375,0.738529307070943,0.738529307070943,0.274151703127697,0.274151703127697,0.395678575056785,0.395678575056785,0.105738086709643,0.105738086709643
"MAR","Morocco",97.3884379111371,97.3884379111371,5.2207249578381e-05,5.2207249578381e-05,0.129090777081364,0.129090777081364,NA,NA,0.521705646963866,0.521705646963866,0.288775737635128,0.288775737635128,0.729816240759531,0.729816240759531,0.00493822799893414,0.00493822799893414
"NIC","Nicaragua",61.1107036143961,61.1107036143961,0,0,0,0,0.675668884689063,0.675668884689063,0.770841401872516,0.770841401872516,0.228679483801639,0.228679483801639,0.757118689026534,0.757118689026534,0,0
"SLV","El Salvador",53.1106923339916,53.1106923339916,0,0,0,0,NA,NA,0.562147501955546,0.562147501955546,0.346256532391729,0.346256532391729,0.54800311625589,0.54800311625589,0,0
"HND","Honduras",83.6420505902417,83.6420505902417,0,0,0,0,NA,NA,0.527824040768905,0.527824040768905,0.278439071352404,0.278439071352404,0.50469539580142,0.50469539580142,0,0
"GTM","Guatemala",83.3802743075565,83.3802743075565,0.000215461616111196,0.000215461616111196,0.00764391671292742,0.00764391671292742,NA,NA,0.625183526921804,0.625183526921804,0.249772656823164,0.249772656823164,0.373610646405937,0.373610646405937,0.0158331718388271,0.0158331718388271
"JAM","Jamaica",37.4687018510738,37.4687018510738,0,0,0,0,NA,NA,0.761501163687433,0.761501163687433,0.142855514057001,0.142855514057001,0.57598110944273,0.57598110944273,0,0
"DOM","Dominican Republic",70.7478747168561,70.7478747168561,0.00256124033404328,0.00256124033404328,0.0756608044116222,0.0756608044116222,0,0,0.622454130996312,0.622454130996312,0.16382138355255,0.16382138355255,0.590787559051335,0.590787559051335,0.0143287007968472,0.0143287007968472
"HTI","Haiti",38.7888388319387,38.7888388319387,0,0,0,0,NA,NA,0.91723412437905,0.91723412437905,0.360361659736486,0.360361659736486,0.798422381474972,0.798422381474972,0,0
"CUB","Cuba",55.3984391338102,55.3984391338102,0,0,0,0,NA,NA,0.759795300239361,0.759795300239361,0.415794851747831,0.415794851747831,0.81627097588462,0.81627097588462,0,0
"MEX","Mexico",81.597146396419,81.597146396419,0.0249965947760203,0.0249965947760203,0.114603827613525,0.114603827613525,0.0118040548681557,0.0118040548681557,0.613311086536909,0.613311086536909,0.302537784568812,0.302537784568812,0.45954927723915,0.45954927723915,0.0573840360855756,0.0573840360855756
"NLD","Netherlands",102.930272375931,102.930272375931,0.152173509665548,0.152173509665548,0.155671070317708,0.155671070317708,0,0,0.636690555728626,0.636690555728626,0.854467450821717,0.854467450821717,0.754578900641347,0.754578900641347,0.853990121279651,0.853990121279651
"TUN","Tunisia",76.3025977402129,76.3025977402129,0,0,0.178769472346002,0.178769472346002,0.0194764301617748,0.0194764301617748,0.544347745790162,0.544347745790162,0.193507074597945,0.193507074597945,0.596451034355036,0.596451034355036,0,0
"ESP","Spain",79.7005979837916,79.7005979837916,0.269720562359606,0.269720562359606,0.625840341210585,0.625840341210585,0.507044997915028,0.507044997915028,0.41663659358432,0.41663659358432,0.793809255186236,0.793809255186236,0.858489063042163,0.858489063042163,0.484544864247249,0.484544864247249
"VAT","Vatican City",89.669227450966,89.669227450966,0.116149744285267,0.116149744285267,0.540242294050805,0.540242294050805,0.788294262847742,0.788294262847742,0.372744369336013,0.372744369336013,0.998462107525328,0.998462107525328,0.930766668454965,0.930766668454965,0.116172282715347,0.116172282715347
"CHE","Switzerland",95.3942060118411,95.3942060118411,0.282236670923328,0.282236670923328,0.606773854252207,0.606773854252207,0,0,0.720689807770777,0.720689807770777,0.920195701836742,0.920195701836742,0.864925716839564,0.864925716839564,0.360605653086846,0.360605653086846
"BEL","Belgium",56.3946537316375,56.3946537316375,0.410282865106598,0.410282865106598,0.0425752999742333,0.0425752999742333,0.658317378381607,0.658317378381607,0.661958289390067,0.661958289390067,0.709056829572068,0.709056829572068,0.811706545795851,0.811706545795851,0.569505017674266,0.569505017674266
"ALB","Albania",45.1688139501609,45.1688139501609,0,0,0,0,NA,NA,0.577917943975751,0.577917943975751,0.460572948963823,0.460572948963823,0.740023784662972,0.740023784662972,0.261095618198126,0.261095618198126
"ITA","Italy",40.9910908385799,40.9910908385799,0.0572504365874952,0.0572504365874952,0.224872792361121,0.224872792361121,0.525442039911508,0.525442039911508,0.639254201084967,0.639254201084967,0.56802580188999,0.56802580188999,0.743028734250019,0.743028734250019,0.285010756672336,0.285010756672336
"BGR","Bulgaria",82.4109810693081,82.4109810693081,0.109756438947726,0.109756438947726,0.433415773190961,0.433415773190961,0,0,0.629918693566054,0.629918693566054,0.694151954459223,0.694151954459223,0.814958930932708,0.814958930932708,0.166149851400482,0.166149851400482
"SRB","Serbia",56.047243716615,56.047243716615,0.157684326369697,0.157684326369697,0,0,0.795497097253594,0.795497097253594,0.705343031965811,0.705343031965811,0.600210228298549,0.600210228298549,0.769522543895913,0.769522543895913,0.163819203410016,0.163819203410016
"HRV","Croatia",70.6692333613074,70.6692333613074,0.34708596279135,0.34708596279135,0,0,0.768784008604773,0.768784008604773,0.758784537523652,0.758784537523652,0.739395838742925,0.739395838742925,0.808919373422808,0.808919373422808,0.371939202402729,0.371939202402729
"ROU","Romania",63.4926310176982,63.4926310176982,0.0372306529461461,0.0372306529461461,0.443273222898462,0.443273222898462,NA,NA,0.548812703890953,0.548812703890953,0.499119133518945,0.499119133518945,0.841887721696835,0.841887721696835,0.0581277992387344,0.0581277992387344
"HUN","Hungary",63.7842026999856,63.7842026999856,0,0,0.274572514915826,0.274572514915826,0.834206109300064,0.834206109300064,0.783589949504257,0.783589949504257,0.624384945460934,0.624384945460934,0.860527726560577,0.860527726560577,0.228428678980685,0.228428678980685
"AUT","Austria",81.0013714834566,81.0013714834566,0,0,0.545781287755416,0.545781287755416,0.84801533133153,0.84801533133153,0.730650285702072,0.730650285702072,0.844058935022655,0.844058935022655,0.886607927143211,0.886607927143211,0.559759191775787,0.559759191775787
"CZE","Czechia",97.3121964252515,97.3121964252515,0.174359828621612,0.174359828621612,0.430446120003779,0.430446120003779,0.887233278708239,0.887233278708239,0.624114815085911,0.624114815085911,0.911984380319588,0.911984380319588,0.857128133497856,0.857128133497856,0.182416679987415,0.182416679987415
"POL","Poland",80.5733069177533,80.5733069177533,0.176753788353476,0.176753788353476,0.120810743294417,0.120810743294417,0.660218559357939,0.660218559357939,0.647181764280407,0.647181764280407,0.828262546639669,0.828262546639669,0.862940249286726,0.862940249286726,0.577331001913607,0.577331001913607
"BLR","Belarus",103.240306883962,103.240306883962,0.0662115794506439,0.0662115794506439,0.271280772179037,0.271280772179037,NA,NA,0.561547752420413,0.561547752420413,0.820237650109758,0.820237650109758,0.854505833803357,0.854505833803357,0.0973289660940255,0.0973289660940255
"AUS","Australia",41.5744768403584,41.5744768403584,0.099634770464234,0.099634770464234,0.111088519336001,0.111088519336001,0.282342067256105,0.282342067256105,0.68457155910243,0.68457155910243,0.623092544770195,0.623092544770195,0.550254782110577,0.550254782110577,0.342647365501362,0.342647365501362
"IDN","Indonesia",55.1355216392583,55.1355216392583,0.000751086875459972,0.000751086875459972,0.0209743747883939,0.0209743747883939,0.018859108691616,0.018859108691616,0.718743784619214,0.718743784619214,0.12520417647871,0.12520417647871,0.403300296936396,0.403300296936396,0.00197456018906501,0.00197456018906501
"SGP","Singapore",49.2812066699895,49.2812066699895,0.279033323653848,0.279033323653848,0.476965146590157,0.476965146590157,0.264056939091396,0.264056939091396,0.173033513722502,0.173033513722502,0.911727918636295,0.911727918636295,0.773988503976796,0.773988503976796,0.453674463653473,0.453674463653473
"MYS","Malaysia",83.6120390490091,83.6120390490091,0.00102971096566689,0.00102971096566689,0.00956870715639731,0.00956870715639731,0.000505064201013092,0.000505064201013092,0.334519297713342,0.334519297713342,0.28674266407658,0.28674266407658,0.349404219938076,0.349404219938076,0.0146969576404501,0.0146969576404501
"ZAF","South Africa",45.4325829076034,45.4325829076034,0,0,0,0,NA,NA,0.790507369125327,0.790507369125327,0.269168633031403,0.269168633031403,0.218056058544795,0.218056058544795,0.00714428165407367,0.00714428165407367
"ZWE","Zimbabwe",25.9105225255042,25.9105225255042,0,0,0,0,NA,NA,0.957165387342488,0.957165387342488,0.135660041507217,0.135660041507217,0.220358245287091,0.220358245287091,0.00962376954415359,0.00962376954415359
"ZMB","Zambia",34.8688554393594,34.8688554393594,0,0,0,0,NA,NA,0.855706904381278,0.855706904381278,0.104868878231263,0.104868878231263,0.284145001656102,0.284145001656102,0,0
"AGO","Angola",58.4054971016147,58.4054971016147,0,0,0,0,0,0,0.763847821967698,0.763847821967698,0.0580156716119014,0.0580156716119014,0.160552902596316,0.160552902596316,0,0
"COD","Congo - Kinshasa",65.9062971856903,65.9062971856903,0,0,0,0,0,0,0.950202680476883,0.950202680476883,0.0960856867374063,0.0960856867374063,0.530132245651696,0.530132245651696,0,0
"BDI","Burundi",45.9401824869143,45.9401824869143,0,0,0,0,NA,NA,0.994652951821041,0.994652951821041,0.153695280839354,0.153695280839354,0.559519124143629,0.559519124143629,0,0
"RWA","Rwanda",26.6107708018401,26.6107708018401,0,0,0,0,0.0104824517713323,0.0104824517713323,0.875129987859586,0.875129987859586,0.271936678763514,0.271936678763514,0.247634937741885,0.247634937741885,0.00086899866640176,0.00086899866640176
"MDG","Madagascar",19.0422792748348,19.0422792748348,0,0,0,0,NA,NA,0.904559559917987,0.904559559917987,0.385758174887621,0.385758174887621,0.45988577848833,0.45988577848833,0.00130906999635768,0.00130906999635768
"MOZ","Mozambique",56.6134771934875,56.6134771934875,0,0,0,0,NA,NA,0.842314365089318,0.842314365089318,0.0681728391749388,0.0681728391749388,0.169268080380315,0.169268080380315,0,0
"MUS","Mauritius",42.1670496864105,42.1670496864105,0,0,0.0856517941586532,0.0856517941586532,NA,NA,0.842108822595493,0.842108822595493,0.0664990905064645,0.0664990905064645,0.597743844492231,0.597743844492231,0,0
"MWI","Malawi",30.1073610657718,30.1073610657718,0,0,0,0,NA,NA,0.968261965612887,0.968261965612887,0.301727117895985,0.301727117895985,0.0920963158002254,0.0920963158002254,0,0
"TZA","Tanzania",48.8074774534647,48.8074774534647,0,0,0,0,NA,NA,0.802191151494243,0.802191151494243,0.453964095709683,0.453964095709683,0.565747090850756,0.565747090850756,0.0691890310437792,0.0691890310437792
"KEN","Kenya",34.6389962952835,34.6389962952835,0.000163750410070092,0.000163750410070092,0,0,0.0124959916433728,0.0124959916433728,0.648583086073813,0.648583086073813,0.188162004240297,0.188162004240297,0.484255595881808,0.484255595881808,0.00258589827093737,0.00258589827093737
"UGA","Uganda",19.7883239607988,19.7883239607988,0,0,0,0,NA,NA,0.871009122550887,0.871009122550887,0.154393311916619,0.154393311916619,0.522664920639156,0.522664920639156,0,0
"LKA","Sri Lanka",15.605798042751,15.605798042751,0,0,0,0,NA,NA,0.832381515474161,0.832381515474161,0.089039153610276,0.089039153610276,0.326353446144037,0.326353446144037,0,0
"KHM","Cambodia",44.9598357757607,44.9598357757607,0,0,0,0,NA,NA,0.793429958441646,0.793429958441646,0.155750223927306,0.155750223927306,0.617120965480349,0.617120965480349,0.00672432503378012,0.00672432503378012
"PHL","Philippines",70.3082770687317,70.3082770687317,0,0,0,0,0,0,0.790227533417011,0.790227533417011,0.282657851334371,0.282657851334371,0.654447466466008,0.654447466466008,0.00567164940639529,0.00567164940639529
"THA","Thailand",45.2468113869388,45.2468113869388,0.00163374286131614,0.00163374286131614,0.0782609186678743,0.0782609186678743,0.000223509900581045,0.000223509900581045,0.462030163100789,0.462030163100789,0.168216685806469,0.168216685806469,0.178741551775299,0.178741551775299,0.0180259735327251,0.0180259735327251
"VNM","Vietnam",42.3582260059923,42.3582260059923,0,0,0.0049784292539149,0.0049784292539149,NA,NA,0.60315864811341,0.60315864811341,0.129091506334109,0.129091506334109,0.494712104563238,0.494712104563238,0.00298222010035441,0.00298222010035441
"SOM","Somalia",101.348293573085,101.348293573085,0,0,0,0,NA,NA,0.904705459675717,0.904705459675717,0.0744974289751949,0.0744974289751949,0.15895313129415,0.15895313129415,0,0
"ETH","Ethiopia",70.4282825203878,70.4282825203878,0,0,0.154409759280099,0.154409759280099,0.168659980206773,0.168659980206773,0.39225025983101,0.39225025983101,0.0871725618621012,0.0871725618621012,0.570787176194891,0.570787176194891,0,0
"DJI","Djibouti",93.3050676520697,93.3050676520697,0,0,0,0,NA,NA,0.822964701788348,0.822964701788348,0.148821037132455,0.148821037132455,0.677957155785806,0.677957155785806,0,0
"YEM","Yemen",49.7143292474293,49.7143292474293,0,0,0,0,NA,NA,0.360372804258738,0.360372804258738,0.0326940743183308,0.0326940743183308,0.61344300611669,0.61344300611669,0,0
"OMN","Oman",41.3944899138741,41.3944899138741,0,0,0,0,0,0,0.326048182617307,0.326048182617307,0.0973076990977956,0.0973076990977956,0.367933946129872,0.367933946129872,0,0
"SAU","Saudi Arabia",62.7037488548626,62.7037488548626,0,0,1.5346428887549e-05,1.5346428887549e-05,NA,NA,0.257464954108708,0.257464954108708,0.0629678607827704,0.0629678607827704,0.139486777438699,0.139486777438699,0,0
"ARE","United Arab Emirates",74.3769209896411,74.3769209896411,0.0128283484379159,0.0128283484379159,0.0714782710106247,0.0714782710106247,0.267462732350318,0.267462732350318,0.212272292575291,0.212272292575291,0.45829803077552,0.45829803077552,0.31783007359073,0.31783007359073,0.0242345950118012,0.0242345950118012
"QAT","Qatar",56.5593791642689,56.5593791642689,0.00342374851996328,0.00342374851996328,0.0990506867471675,0.0990506867471675,NA,NA,0.304758442002156,0.304758442002156,0.224860454096923,0.224860454096923,0.278410796049506,0.278410796049506,0.0488398055591467,0.0488398055591467
"COG","Congo - Brazzaville",99.5926788462061,99.5926788462061,0,0,0,0,0,0,0.827651571644907,0.827651571644907,0.0854994389144822,0.0854994389144822,0.636550407276101,0.636550407276101,0,0
"CAF","Central African Republic",26.5204923012637,26.5204923012637,0,0,0,0,NA,NA,0.994844507404945,0.994844507404945,0.037987910099984,0.037987910099984,0.39509576176012,0.39509576176012,0,0
"SSD","South Sudan",30.5646711438897,30.5646711438897,0,0,0,0,NA,NA,1,1,0.810355226986928,0.810355226986928,0,0,0,0
"TCD","Chad",51.387218378278,51.387218378278,0,0,0,0,NA,NA,0.704162272877721,0.704162272877721,0.0287750239599252,0.0287750239599252,0.431353370486791,0.431353370486791,0,0
"SDN","Sudan",118.941592109825,118.941592109825,0,0,0,0,NA,NA,0.832884835722006,0.832884835722006,0.0159143277735487,0.0159143277735487,0.285943575216315,0.285943575216315,0,0
"LBY","Libya",55.3061475203312,55.3061475203312,0,0,0,0,NA,NA,0.383573117704513,0.383573117704513,0.0687757829597627,0.0687757829597627,0.573818382006178,0.573818382006178,0,0
"EGY","Egypt",73.0669603814193,73.0669603814193,0,0,0.0834463979203105,0.0834463979203105,0.428988177122067,0.428988177122067,0.396779708048537,0.396779708048537,0.167727958847535,0.167727958847535,0.200962599999932,0.200962599999932,0,0
"GRC","Greece",125.45883944467,125.45883944467,0,0,0.223624247779324,0.223624247779324,0.604140550686122,0.604140550686122,0.673542814718788,0.673542814718788,0.603956600338045,0.603956600338045,0.918138155542191,0.918138155542191,0.0623920954494636,0.0623920954494636
"MMR","Myanmar (Burma)",66.2207849725994,66.2207849725994,0,0,0,0,NA,NA,0.838309220795488,0.838309220795488,0.0800125374472866,0.0800125374472866,0.646731481750369,0.646731481750369,0,0
"IND","India",55.2064068497534,55.2064068497534,0.00043006684263473,0.00043006684263473,0.0396956244490506,0.0396956244490506,0.0853464634739458,0.0853464634739458,0.672297199084046,0.672297199084046,0.11942353748373,0.11942353748373,0.34954449059777,0.34954449059777,0.00274606469009181,0.00274606469009181
"TWN","Taiwan",53.7374495459298,53.7374495459298,0.0490120103084528,0.0490120103084528,0.213448116536868,0.213448116536868,0.110774722559344,0.110774722559344,0.635198334055033,0.635198334055033,0.477133182612202,0.477133182612202,0.679085382120415,0.679085382120415,0.127620331450993,0.127620331450993
"BGD","Bangladesh",18.7289149137701,18.7289149137701,0,0,0.0166982251668793,0.0166982251668793,NA,NA,0.730163482414864,0.730163482414864,0.111215374278693,0.111215374278693,0.314114628114169,0.314114628114169,0,0
"NPL","Nepal",34.0781986403301,34.0781986403301,0,0,0,0,NA,NA,0.916961450755541,0.916961450755541,0.440378838092019,0.440378838092019,0.772019440562469,0.772019440562469,0,0
"BHR","Bahrain",96.1958018068846,96.1958018068846,0,0,0,0,NA,NA,0.28019277473179,0.28019277473179,0.310707704029622,0.310707704029622,0.592087649107913,0.592087649107913,0,0
"KWT","Kuwait",76.9257728333691,76.9257728333691,0,0,0,0,NA,NA,0.100765589830912,0.100765589830912,0.393040772807709,0.393040772807709,0.306409558281192,0.306409558281192,0,0
"PAK","Pakistan",74.5649942060945,74.5649942060945,0,0,0.0119274974701703,0.0119274974701703,NA,NA,0.49437464538509,0.49437464538509,0.10555031644168,0.10555031644168,0.372472214502573,0.372472214502573,9.44015005144053e-07,9.44015005144053e-07
"JOR","Jordan",50.7884438448396,50.7884438448396,0,0,0,0,0,0,0.295675109202351,0.295675109202351,0.0834355972440277,0.0834355972440277,0.322501269787633,0.322501269787633,0,0
"ISR","Israel",65.992870125193,65.992870125193,0,0,0.154852792104284,0.154852792104284,0.848424500171644,0.848424500171644,0.567940400405785,0.567940400405785,0.81347546484612,0.81347546484612,0.729354943570465,0.729354943570465,0.29981373084462,0.29981373084462
"IRN","Iran",59.940352113144,59.940352113144,0.00901709197316069,0.00901709197316069,0.100393401260297,0.100393401260297,NA,NA,0.180312339823779,0.180312339823779,0.355265597642874,0.355265597642874,0.57215382742621,0.57215382742621,0.0142057471634491,0.0142057471634491
"IRQ","Iraq",81.2501226526709,81.2501226526709,0,0,0,0,NA,NA,0.330542142962225,0.330542142962225,0.104725496802948,0.104725496802948,0.671190010433588,0.671190010433588,0,0
"JPN","Japan",102.177931253801,102.177931253801,0.00560390589991532,0.00560390589991532,0.150669203971354,0.150669203971354,0.00305757328058087,0.00305757328058087,0.741829318075139,0.741829318075139,0.529259704659346,0.529259704659346,0.814436691380303,0.814436691380303,0.0379253307534549,0.0379253307534549
"CHN","China",15.1330232044586,15.1330232044586,0.0172682058538576,0.0172682058538576,0.17931766676874,0.17931766676874,0.0338605311092035,0.0338605311092035,0.351750472085109,0.351750472085109,0.170497878091156,0.170497878091156,0.200721450245853,0.200721450245853,0.0392417498896522,0.0392417498896522
"KOR","South Korea",56.0042329946832,56.0042329946832,0.0641347947309758,0.0641347947309758,0.392664259138325,0.392664259138325,NA,NA,0.574727691288477,0.574727691288477,0.472868626819418,0.472868626819418,0.719457989394467,0.719457989394467,0.139340156375463,0.139340156375463
"PRK","North Korea",24.9539765863382,24.9539765863382,0,0,0.0982414088693061,0.0982414088693061,NA,NA,0.777115659199249,0.777115659199249,0.261610207840572,0.261610207840572,0.140269700151172,0.140269700151172,0.000575784159094676,0.000575784159094676
"LBN","Lebanon",59.2582862821897,59.2582862821897,0,0,0,0,NA,NA,0.298329367420304,0.298329367420304,0.183507966770125,0.183507966770125,0.722130733657453,0.722130733657453,0,0
"AFG","Afghanistan",36.2915949652569,36.2915949652569,0,0,0,0,NA,NA,0.531397982418317,0.531397982418317,0.0703288456136122,0.0703288456136122,0.230072789942036,0.230072789942036,0,0
"SYR","Syria",49.6397799489016,49.6397799489016,0,0,0,0,NA,NA,0.32468883108845,0.32468883108845,0.21380204301546,0.21380204301546,0.640327492358526,0.640327492358526,0,0
"TJK","Tajikistan",37.1856180008721,37.1856180008721,0,0,0,0,NA,NA,0.551081897924182,0.551081897924182,0.213433201553237,0.213433201553237,0.579541553709585,0.579541553709585,0,0
"TUR","Turkey",87.2799086332152,87.2799086332152,0.00318880649867497,0.00318880649867497,0.23663637104762,0.23663637104762,0.173607554403397,0.173607554403397,0.352036262871171,0.352036262871171,0.362047805295047,0.362047805295047,0.779077903817681,0.779077903817681,0.0190226236440502,0.0190226236440502
"TKM","Turkmenistan",58.2806241880516,58.2806241880516,0,0,0,0,NA,NA,0.227187698864558,0.227187698864558,0.284739018678163,0.284739018678163,0.61593074966149,0.61593074966149,0,0
"ARM","Armenia",44.7393022678401,44.7393022678401,0,0,0.145237397712662,0.145237397712662,NA,NA,0.446083688010699,0.446083688010699,0.405907928520263,0.405907928520263,0.73735862976237,0.73735862976237,0,0
"AZE","Azerbaijan",43.2503607066704,43.2503607066704,0.0100213936715441,0.0100213936715441,0.15770854362442,0.15770854362442,NA,NA,0.556604051789328,0.556604051789328,0.361156125109482,0.361156125109482,0.68555033386301,0.68555033386301,0.0128548122502255,0.0128548122502255
"KGZ","Kyrgyzstan",41.3228050080219,41.3228050080219,0,0,0,0,NA,NA,0.894600095729627,0.894600095729627,0.476492030077688,0.476492030077688,0.806193109277054,0.806193109277054,0,0
"UZB","Uzbekistan",36.6974277557771,36.6974277557771,0.00137923357856744,0.00137923357856744,0.0429285907596657,0.0429285907596657,NA,NA,0.646573055736803,0.646573055736803,0.0920703500423405,0.0920703500423405,0.379517312127354,0.379517312127354,0.00327096865626151,0.00327096865626151
"GEO","Georgia",69.4121232428054,69.4121232428054,0.0401835176449867,0.0401835176449867,0.348034576899606,0.348034576899606,NA,NA,0.503041169709668,0.503041169709668,0.675036603787877,0.675036603787877,0.821326008186638,0.821326008186638,0.0748531589281419,0.0748531589281419
"KAZ","Kazakhstan",45.2531772201583,45.2531772201583,0.00222254682370095,0.00222254682370095,0.042579022866753,0.042579022866753,NA,NA,0.631450575645658,0.631450575645658,0.247628987148504,0.247628987148504,0.557596004965415,0.557596004965415,0.0468935076942915,0.0468935076942915
"UKR","Ukraine",59.3545517187004,59.3545517187004,0.0152555538930188,0.0152555538930188,0.16103305830581,0.16103305830581,NA,NA,0.732078188540825,0.732078188540825,0.577239067263779,0.577239067263779,0.745868110199611,0.745868110199611,0.0680814554676563,0.0680814554676563
"MNG","Mongolia",39.7567668952897,39.7567668952897,0,0,0,0,NA,NA,0.71819886211416,0.71819886211416,0.270763246703831,0.270763246703831,0.52451907923409,0.52451907923409,0.0355336891286988,0.0355336891286988
"PRT","Portugal",60.3076758494812,60.3076758494812,0.00589352379052171,0.00589352379052171,0.267296321394883,0.267296321394883,0.521404668762638,0.521404668762638,0.393314381356744,0.393314381356744,0.691117911751534,0.691117911751534,0.819243045066902,0.819243045066902,0.12937010095508,0.12937010095508
"CAN","Canada",59.4348208700592,59.4348208700592,0.20312168330972,0.20312168330972,0.16240341494108,0.16240341494108,0.499818120102865,0.499818120102865,0.736164187641437,0.736164187641437,0.605681757562851,0.605681757562851,0.668585477486028,0.668585477486028,0.336492680853821,0.336492680853821
"DEU","Germany",68.789654337117,68.789654337117,0.371956378611905,0.371956378611905,0.383411177168009,0.383411177168009,0.455189410426085,0.455189410426085,0.726271863394214,0.726271863394214,0.829375843963153,0.829375843963153,0.831859986144643,0.831859986144643,0.623419825569228,0.623419825569228
"IRL","Ireland",65.0317171501566,65.0317171501566,0.223657887919051,0.223657887919051,0.100111994163541,0.100111994163541,0.635244940551493,0.635244940551493,0.748679683367909,0.748679683367909,0.798655057441087,0.798655057441087,0.884000069623814,0.884000069623814,0.345875406798438,0.345875406798438
"DNK","Denmark",94.3597068629422,94.3597068629422,0.785540552027179,0.785540552027179,0.605470791444928,0.605470791444928,0.740539356324555,0.740539356324555,0.855349231629459,0.855349231629459,0.853133036453446,0.853133036453446,0.760945433839205,0.760945433839205,0.935322160102379,0.935322160102379
"RUS","Russia",82.7685484120264,82.7685484120264,0.0165263610645074,0.0165263610645074,0.204497682633553,0.204497682633553,NA,NA,0.570282059315661,0.570282059315661,0.671148238840641,0.671148238840641,0.806358385790739,0.806358385790739,0.0416101929045098,0.0416101929045098
"LVA","Latvia",101.901020804435,101.901020804435,0.0107147478416766,0.0107147478416766,0,0,0.0130080168894934,0.0130080168894934,0.637705919509929,0.637705919509929,0.803237420655207,0.803237420655207,0.840680779137358,0.840680779137358,0.344054307040787,0.344054307040787
"SWE","Sweden",88.4521840455444,88.4521840455444,0,0,0.374237196950318,0.374237196950318,0.529291146608791,0.529291146608791,0.517231380709483,0.517231380709483,0.919675696733332,0.919675696733332,0.733573704449571,0.733573704449571,0.894850075394024,0.894850075394024
"FIN","Finland",114.919409076294,114.919409076294,0.810458600300072,0.810458600300072,0.289308315155803,0.289308315155803,0.7906836544842,0.7906836544842,0.5915147818482,0.5915147818482,0.959054318616647,0.959054318616647,0.666689897425387,0.666689897425387,0.9664031127953,0.9664031127953
